<desktopflowbinary desktopflowbinaryid="e3945d4b-8b86-452c-8616-a5cee75dd3f1">
  <data mimetype="application/json">ImageRepository_05e28a9d-e035-4d04-bfa9-8c0be6466231.json</data>
  <iscustomizable>1</iscustomizable>
  <metadata>{}</metadata>
  <mimetype>application/json</mimetype>
  <name>Desktop flow images</name>
  <process>
    <workflowid>c3f9a4db-c6c1-455c-a574-37b99411900d</workflowid>
  </process>
  <reference>imageRepo.imgrepo</reference>
  <statecode>0</statecode>
  <statuscode>1</statuscode>
  <type>ImageRepository</type>
</desktopflowbinary>