<desktopflowbinary desktopflowbinaryid="e16bf838-31d5-47ad-84db-52cfccd92185">
  <data mimetype="application/json">ManifestFile_e16bf838-31d5-47ad-84db-52cfccd92185.json</data>
  <iscustomizable>1</iscustomizable>
  <metadata>{}</metadata>
  <mimetype>application/json</mimetype>
  <name>Desktop flow manifest file</name>
  <process>
    <workflowid>786f019f-c6fd-4714-9529-6f79c340d117</workflowid>
  </process>
  <reference>flow.manifest</reference>
  <statecode>0</statecode>
  <statuscode>1</statuscode>
  <type>ManifestFile</type>
</desktopflowbinary>