{
  "Screens": [
    {
      "Controls": [
        {
          "AutomationProtocol": "uia3",
          "ScreenShot": null,
          "ElementTypeName": "Edit",
          "InstanceId": "ae9f0d3f-8b80-422d-b12d-8669c7090f5b",
          "Name": "Edit 'Password:'",
          "SelectorCount": 1,
          "Selectors": [
            {
              "CustomSelector": null,
              "Elements": [
                {
                  "Attributes": [
                    {
                      "Ignore": true,
                      "IsOrdinal": false,
                      "Name": "Class",
                      "Operation": "EqualTo",
                      "Value": "WindowsForms10.Edit.app.0.378734a_r3_ad1"
                    },
                    {
                      "Ignore": true,
                      "IsOrdinal": false,
                      "Name": "Enabled",
                      "Operation": "EqualTo",
                      "Value": true
                    },
                    {
                      "Ignore": false,
                      "IsOrdinal": false,
                      "Name": "Id",
                      "Operation": "EqualTo",
                      "Value": "userNameTextBox"
                    },
                    {
                      "Ignore": true,
                      "IsOrdinal": false,
                      "Name": "Name",
                      "Operation": "EqualTo",
                      "Value": "Password:"
                    },
                    {
                      "Ignore": true,
                      "IsOrdinal": true,
                      "Name": "Ordinal",
                      "Operation": "EqualTo",
                      "Value": 0
                    },
                    {
                      "Ignore": true,
                      "IsOrdinal": false,
                      "Name": "Password",
                      "Operation": "EqualTo",
                      "Value": false
                    },
                    {
                      "Ignore": true,
                      "IsOrdinal": false,
                      "Name": "Visible",
                      "Operation": "EqualTo",
                      "Value": true
                    }
                  ],
                  "CustomValue": null,
                  "Ignore": false,
                  "Name": "Edit 'Password:'",
                  "Tag": "edit"
                }
              ],
              "Ignore": false,
              "ImageSelector": null,
              "IsCustom": false,
              "IsImageBased": false,
              "IsWindowsInstance": false,
              "Name": "Default Selector",
              "Properties": []
            }
          ],
          "Tag": "edit",
          "ScreenshotPath": "controlRepo-screenshots\\89ae88a1-9b10-4e71-8c71-66e1e3cf0754.png"
        },
        {
          "AutomationProtocol": "uia3",
          "ScreenShot": null,
          "ElementTypeName": "Edit",
          "InstanceId": "c3deb9bd-3343-4f3e-b08f-50f2b3207ced",
          "Name": "Edit 'WindowsForms10.Edit.app.0.378734a_r3_ad1'",
          "SelectorCount": 1,
          "Selectors": [
            {
              "CustomSelector": null,
              "Elements": [
                {
                  "Attributes": [
                    {
                      "Ignore": true,
                      "IsOrdinal": false,
                      "Name": "Class",
                      "Operation": "EqualTo",
                      "Value": "WindowsForms10.Edit.app.0.378734a_r3_ad1"
                    },
                    {
                      "Ignore": true,
                      "IsOrdinal": false,
                      "Name": "Enabled",
                      "Operation": "EqualTo",
                      "Value": true
                    },
                    {
                      "Ignore": false,
                      "IsOrdinal": false,
                      "Name": "Id",
                      "Operation": "EqualTo",
                      "Value": "passwordTextBox"
                    },
                    {
                      "Ignore": true,
                      "IsOrdinal": false,
                      "Name": "Name",
                      "Operation": "EqualTo",
                      "Value": ""
                    },
                    {
                      "Ignore": true,
                      "IsOrdinal": true,
                      "Name": "Ordinal",
                      "Operation": "EqualTo",
                      "Value": 0
                    },
                    {
                      "Ignore": true,
                      "IsOrdinal": false,
                      "Name": "Password",
                      "Operation": "EqualTo",
                      "Value": true
                    },
                    {
                      "Ignore": true,
                      "IsOrdinal": false,
                      "Name": "Visible",
                      "Operation": "EqualTo",
                      "Value": true
                    }
                  ],
                  "CustomValue": null,
                  "Ignore": false,
                  "Name": "Edit 'WindowsForms10.Edit.app.0.378734a_r3_ad1'",
                  "Tag": "edit"
                }
              ],
              "Ignore": false,
              "ImageSelector": null,
              "IsCustom": false,
              "IsImageBased": false,
              "IsWindowsInstance": false,
              "Name": "Default Selector",
              "Properties": []
            }
          ],
          "Tag": "edit",
          "ScreenshotPath": "controlRepo-screenshots\\474934d4-7d95-409e-b2b6-04502ef80b15.png"
        },
        {
          "AutomationProtocol": "uia3",
          "ScreenShot": null,
          "ElementTypeName": "Button",
          "InstanceId": "072c36eb-808c-42eb-bfc1-6f5e29fa363d",
          "Name": "Button 'Login'",
          "SelectorCount": 1,
          "Selectors": [
            {
              "CustomSelector": null,
              "Elements": [
                {
                  "Attributes": [
                    {
                      "Ignore": true,
                      "IsOrdinal": false,
                      "Name": "Class",
                      "Operation": "EqualTo",
                      "Value": "WindowsForms10.Button.app.0.378734a_r3_ad1"
                    },
                    {
                      "Ignore": true,
                      "IsOrdinal": false,
                      "Name": "Enabled",
                      "Operation": "EqualTo",
                      "Value": true
                    },
                    {
                      "Ignore": false,
                      "IsOrdinal": false,
                      "Name": "Id",
                      "Operation": "EqualTo",
                      "Value": "loginButton"
                    },
                    {
                      "Ignore": true,
                      "IsOrdinal": false,
                      "Name": "IsDefault",
                      "Operation": "EqualTo",
                      "Value": false
                    },
                    {
                      "Ignore": true,
                      "IsOrdinal": false,
                      "Name": "Name",
                      "Operation": "EqualTo",
                      "Value": "Login"
                    },
                    {
                      "Ignore": true,
                      "IsOrdinal": true,
                      "Name": "Ordinal",
                      "Operation": "EqualTo",
                      "Value": 0
                    },
                    {
                      "Ignore": true,
                      "IsOrdinal": false,
                      "Name": "Visible",
                      "Operation": "EqualTo",
                      "Value": true
                    }
                  ],
                  "CustomValue": null,
                  "Ignore": false,
                  "Name": "Button 'Login'",
                  "Tag": "button"
                }
              ],
              "Ignore": false,
              "ImageSelector": null,
              "IsCustom": false,
              "IsImageBased": false,
              "IsWindowsInstance": false,
              "Name": "Default Selector",
              "Properties": []
            }
          ],
          "Tag": "button",
          "ScreenshotPath": "controlRepo-screenshots\\e142ab50-a369-41a4-bb9f-1ed64261e113.png"
        }
      ],
      "Handle": {
        "value": 0
      },
      "ProcessName": null,
      "ScreenShot": null,
      "ElementTypeName": "Window",
      "InstanceId": "7b223a97-8312-492d-a43f-3820762fa169",
      "Name": "Window 'Login'",
      "SelectorCount": 1,
      "Selectors": [
        {
          "CustomSelector": null,
          "Elements": [
            {
              "Attributes": [
                {
                  "Ignore": true,
                  "IsOrdinal": false,
                  "Name": "Class",
                  "Operation": "EqualTo",
                  "Value": "WindowsForms10.Window.8.app.0.378734a_r3_ad1"
                },
                {
                  "Ignore": true,
                  "IsOrdinal": false,
                  "Name": "Enabled",
                  "Operation": "EqualTo",
                  "Value": true
                },
                {
                  "Ignore": true,
                  "IsOrdinal": false,
                  "Name": "Id",
                  "Operation": "EqualTo",
                  "Value": "Login"
                },
                {
                  "Ignore": false,
                  "IsOrdinal": false,
                  "Name": "Name",
                  "Operation": "EqualTo",
                  "Value": "Login"
                },
                {
                  "Ignore": true,
                  "IsOrdinal": true,
                  "Name": "Ordinal",
                  "Operation": "EqualTo",
                  "Value": 0
                },
                {
                  "Ignore": false,
                  "IsOrdinal": false,
                  "Name": "Process",
                  "Operation": "EqualTo",
                  "Value": "Woodgrove Bank Funding Manager"
                },
                {
                  "Ignore": true,
                  "IsOrdinal": false,
                  "Name": "Visible",
                  "Operation": "EqualTo",
                  "Value": true
                }
              ],
              "CustomValue": null,
              "Ignore": false,
              "Name": "Window 'Login'",
              "Tag": "window"
            }
          ],
          "Ignore": false,
          "ImageSelector": null,
          "IsCustom": false,
          "IsImageBased": false,
          "IsWindowsInstance": false,
          "Name": "Default Selector",
          "Properties": []
        }
      ],
      "Tag": "window",
      "ScreenshotPath": "controlRepo-screenshots\\074206f8-fefd-4947-851b-856b3ea39b5e.png"
    },
    {
      "Controls": [
        {
          "AutomationProtocol": "uia3",
          "ScreenShot": null,
          "ElementTypeName": "Edit",
          "InstanceId": "a7225041-330b-4ba3-9b37-4a01a607abe4",
          "Name": "Edit 'WindowsForms10.Edit.app.0.378734a_r3_ad1'",
          "SelectorCount": 1,
          "Selectors": [
            {
              "CustomSelector": null,
              "Elements": [
                {
                  "Attributes": [
                    {
                      "Ignore": true,
                      "IsOrdinal": false,
                      "Name": "Class",
                      "Operation": "EqualTo",
                      "Value": "WindowsForms10.Edit.app.0.378734a_r3_ad1"
                    },
                    {
                      "Ignore": true,
                      "IsOrdinal": false,
                      "Name": "Enabled",
                      "Operation": "EqualTo",
                      "Value": true
                    },
                    {
                      "Ignore": false,
                      "IsOrdinal": false,
                      "Name": "Id",
                      "Operation": "EqualTo",
                      "Value": "loanNumberText"
                    },
                    {
                      "Ignore": true,
                      "IsOrdinal": false,
                      "Name": "Name",
                      "Operation": "EqualTo",
                      "Value": ""
                    },
                    {
                      "Ignore": true,
                      "IsOrdinal": true,
                      "Name": "Ordinal",
                      "Operation": "EqualTo",
                      "Value": 0
                    },
                    {
                      "Ignore": true,
                      "IsOrdinal": false,
                      "Name": "Password",
                      "Operation": "EqualTo",
                      "Value": false
                    },
                    {
                      "Ignore": true,
                      "IsOrdinal": false,
                      "Name": "Visible",
                      "Operation": "EqualTo",
                      "Value": true
                    }
                  ],
                  "CustomValue": null,
                  "Ignore": false,
                  "Name": "Edit 'WindowsForms10.Edit.app.0.378734a_r3_ad1'",
                  "Tag": "edit"
                }
              ],
              "Ignore": false,
              "ImageSelector": null,
              "IsCustom": false,
              "IsImageBased": false,
              "IsWindowsInstance": false,
              "Name": "Default Selector",
              "Properties": []
            }
          ],
          "Tag": "edit",
          "ScreenshotPath": "controlRepo-screenshots\\aed9e310-32d1-4805-9147-630f3d3cdab0.png"
        },
        {
          "AutomationProtocol": "uia3",
          "ScreenShot": null,
          "ElementTypeName": "Button",
          "InstanceId": "46861b3f-2a7a-489c-8c24-6d7650fd4f3e",
          "Name": "Button 'Lookup'",
          "SelectorCount": 1,
          "Selectors": [
            {
              "CustomSelector": null,
              "Elements": [
                {
                  "Attributes": [
                    {
                      "Ignore": true,
                      "IsOrdinal": false,
                      "Name": "Class",
                      "Operation": "EqualTo",
                      "Value": "WindowsForms10.Button.app.0.378734a_r3_ad1"
                    },
                    {
                      "Ignore": true,
                      "IsOrdinal": false,
                      "Name": "Enabled",
                      "Operation": "EqualTo",
                      "Value": true
                    },
                    {
                      "Ignore": false,
                      "IsOrdinal": false,
                      "Name": "Id",
                      "Operation": "EqualTo",
                      "Value": "lookupButton"
                    },
                    {
                      "Ignore": true,
                      "IsOrdinal": false,
                      "Name": "IsDefault",
                      "Operation": "EqualTo",
                      "Value": false
                    },
                    {
                      "Ignore": true,
                      "IsOrdinal": false,
                      "Name": "Name",
                      "Operation": "EqualTo",
                      "Value": "Lookup"
                    },
                    {
                      "Ignore": true,
                      "IsOrdinal": true,
                      "Name": "Ordinal",
                      "Operation": "EqualTo",
                      "Value": 0
                    },
                    {
                      "Ignore": true,
                      "IsOrdinal": false,
                      "Name": "Visible",
                      "Operation": "EqualTo",
                      "Value": true
                    }
                  ],
                  "CustomValue": null,
                  "Ignore": false,
                  "Name": "Button 'Lookup'",
                  "Tag": "button"
                }
              ],
              "Ignore": false,
              "ImageSelector": null,
              "IsCustom": false,
              "IsImageBased": false,
              "IsWindowsInstance": false,
              "Name": "Default Selector",
              "Properties": []
            }
          ],
          "Tag": "button",
          "ScreenshotPath": "controlRepo-screenshots\\266ba6ab-1302-469d-924e-1efff83322e8.png"
        },
        {
          "AutomationProtocol": "uia3",
          "ScreenShot": null,
          "ElementTypeName": "Button",
          "InstanceId": "86185191-2310-4a77-a24a-85ccf057da3b",
          "Name": "Button 'Draw Funds'",
          "SelectorCount": 1,
          "Selectors": [
            {
              "CustomSelector": null,
              "Elements": [
                {
                  "Attributes": [
                    {
                      "Ignore": true,
                      "IsOrdinal": false,
                      "Name": "Class",
                      "Operation": "EqualTo",
                      "Value": "WindowsForms10.Window.8.app.0.378734a_r3_ad1"
                    },
                    {
                      "Ignore": true,
                      "IsOrdinal": false,
                      "Name": "Enabled",
                      "Operation": "EqualTo",
                      "Value": true
                    },
                    {
                      "Ignore": false,
                      "IsOrdinal": false,
                      "Name": "Id",
                      "Operation": "EqualTo",
                      "Value": "approvalPanel"
                    },
                    {
                      "Ignore": true,
                      "IsOrdinal": false,
                      "Name": "Name",
                      "Operation": "EqualTo",
                      "Value": "Can't find loan number 123. Please try again."
                    },
                    {
                      "Ignore": true,
                      "IsOrdinal": true,
                      "Name": "Ordinal",
                      "Operation": "EqualTo",
                      "Value": 0
                    },
                    {
                      "Ignore": true,
                      "IsOrdinal": false,
                      "Name": "Process",
                      "Operation": "EqualTo",
                      "Value": "Woodgrove Bank Funding Manager"
                    },
                    {
                      "Ignore": true,
                      "IsOrdinal": false,
                      "Name": "Visible",
                      "Operation": "EqualTo",
                      "Value": true
                    }
                  ],
                  "CustomValue": null,
                  "Ignore": false,
                  "Name": "Pane 'Can't find loan number 123. Please try again.'",
                  "Tag": "pane"
                },
                {
                  "Attributes": [
                    {
                      "Ignore": true,
                      "IsOrdinal": false,
                      "Name": "Class",
                      "Operation": "EqualTo",
                      "Value": "WindowsForms10.Button.app.0.378734a_r3_ad1"
                    },
                    {
                      "Ignore": true,
                      "IsOrdinal": false,
                      "Name": "Enabled",
                      "Operation": "EqualTo",
                      "Value": true
                    },
                    {
                      "Ignore": false,
                      "IsOrdinal": false,
                      "Name": "Id",
                      "Operation": "EqualTo",
                      "Value": "submitButton"
                    },
                    {
                      "Ignore": true,
                      "IsOrdinal": false,
                      "Name": "IsDefault",
                      "Operation": "EqualTo",
                      "Value": false
                    },
                    {
                      "Ignore": true,
                      "IsOrdinal": false,
                      "Name": "Name",
                      "Operation": "EqualTo",
                      "Value": "Draw Funds"
                    },
                    {
                      "Ignore": true,
                      "IsOrdinal": true,
                      "Name": "Ordinal",
                      "Operation": "EqualTo",
                      "Value": 0
                    },
                    {
                      "Ignore": true,
                      "IsOrdinal": false,
                      "Name": "Visible",
                      "Operation": "EqualTo",
                      "Value": true
                    }
                  ],
                  "CustomValue": null,
                  "Ignore": false,
                  "Name": "Button 'Draw Funds'",
                  "Tag": "button"
                }
              ],
              "Ignore": false,
              "ImageSelector": null,
              "IsCustom": false,
              "IsImageBased": false,
              "IsWindowsInstance": false,
              "Name": "Default Selector",
              "Properties": []
            }
          ],
          "Tag": "button",
          "ScreenshotPath": "controlRepo-screenshots\\0a6d6a35-b342-4d86-9eb9-b2ebff979684.png"
        },
        {
          "AutomationProtocol": "uia3",
          "ScreenShot": null,
          "ElementTypeName": "Edit",
          "InstanceId": "ec950936-5ff4-45a2-9a82-6dbc35d4e2c4",
          "Name": "Edit 'Amount'",
          "SelectorCount": 1,
          "Selectors": [
            {
              "CustomSelector": null,
              "Elements": [
                {
                  "Attributes": [
                    {
                      "Ignore": true,
                      "IsOrdinal": false,
                      "Name": "Class",
                      "Operation": "EqualTo",
                      "Value": "WindowsForms10.Window.8.app.0.378734a_r3_ad1"
                    },
                    {
                      "Ignore": true,
                      "IsOrdinal": false,
                      "Name": "Enabled",
                      "Operation": "EqualTo",
                      "Value": true
                    },
                    {
                      "Ignore": false,
                      "IsOrdinal": false,
                      "Name": "Id",
                      "Operation": "EqualTo",
                      "Value": "ApprovalConfirmation"
                    },
                    {
                      "Ignore": true,
                      "IsOrdinal": false,
                      "Name": "Name",
                      "Operation": "EqualTo",
                      "Value": "Draw Funds"
                    },
                    {
                      "Ignore": true,
                      "IsOrdinal": true,
                      "Name": "Ordinal",
                      "Operation": "EqualTo",
                      "Value": 0
                    },
                    {
                      "Ignore": true,
                      "IsOrdinal": false,
                      "Name": "Process",
                      "Operation": "EqualTo",
                      "Value": "Woodgrove Bank Funding Manager"
                    },
                    {
                      "Ignore": true,
                      "IsOrdinal": false,
                      "Name": "Visible",
                      "Operation": "EqualTo",
                      "Value": true
                    }
                  ],
                  "CustomValue": null,
                  "Ignore": false,
                  "Name": "Window 'Draw Funds'",
                  "Tag": "window"
                },
                {
                  "Attributes": [
                    {
                      "Ignore": true,
                      "IsOrdinal": false,
                      "Name": "Class",
                      "Operation": "EqualTo",
                      "Value": "WindowsForms10.Edit.app.0.378734a_r3_ad1"
                    },
                    {
                      "Ignore": true,
                      "IsOrdinal": false,
                      "Name": "Enabled",
                      "Operation": "EqualTo",
                      "Value": true
                    },
                    {
                      "Ignore": false,
                      "IsOrdinal": false,
                      "Name": "Id",
                      "Operation": "EqualTo",
                      "Value": "amountTextBox"
                    },
                    {
                      "Ignore": true,
                      "IsOrdinal": false,
                      "Name": "Name",
                      "Operation": "EqualTo",
                      "Value": "Amount"
                    },
                    {
                      "Ignore": true,
                      "IsOrdinal": true,
                      "Name": "Ordinal",
                      "Operation": "EqualTo",
                      "Value": 0
                    },
                    {
                      "Ignore": true,
                      "IsOrdinal": false,
                      "Name": "Password",
                      "Operation": "EqualTo",
                      "Value": false
                    },
                    {
                      "Ignore": true,
                      "IsOrdinal": false,
                      "Name": "Visible",
                      "Operation": "EqualTo",
                      "Value": true
                    }
                  ],
                  "CustomValue": null,
                  "Ignore": false,
                  "Name": "Edit 'Amount'",
                  "Tag": "edit"
                }
              ],
              "Ignore": false,
              "ImageSelector": null,
              "IsCustom": false,
              "IsImageBased": false,
              "IsWindowsInstance": false,
              "Name": "Default Selector",
              "Properties": []
            }
          ],
          "Tag": "edit",
          "ScreenshotPath": "controlRepo-screenshots\\bf07b53f-23cb-40c6-9a2e-4f25cf28328d.png"
        },
        {
          "AutomationProtocol": "uia3",
          "ScreenShot": null,
          "ElementTypeName": "Edit",
          "InstanceId": "462b0af2-fe0a-4e2f-9401-186662397a7e",
          "Name": "Edit 'Inspection Job #'",
          "SelectorCount": 1,
          "Selectors": [
            {
              "CustomSelector": null,
              "Elements": [
                {
                  "Attributes": [
                    {
                      "Ignore": true,
                      "IsOrdinal": false,
                      "Name": "Class",
                      "Operation": "EqualTo",
                      "Value": "WindowsForms10.Window.8.app.0.378734a_r3_ad1"
                    },
                    {
                      "Ignore": true,
                      "IsOrdinal": false,
                      "Name": "Enabled",
                      "Operation": "EqualTo",
                      "Value": true
                    },
                    {
                      "Ignore": false,
                      "IsOrdinal": false,
                      "Name": "Id",
                      "Operation": "EqualTo",
                      "Value": "ApprovalConfirmation"
                    },
                    {
                      "Ignore": true,
                      "IsOrdinal": false,
                      "Name": "Name",
                      "Operation": "EqualTo",
                      "Value": "Draw Funds"
                    },
                    {
                      "Ignore": true,
                      "IsOrdinal": true,
                      "Name": "Ordinal",
                      "Operation": "EqualTo",
                      "Value": 0
                    },
                    {
                      "Ignore": true,
                      "IsOrdinal": false,
                      "Name": "Process",
                      "Operation": "EqualTo",
                      "Value": "Woodgrove Bank Funding Manager"
                    },
                    {
                      "Ignore": true,
                      "IsOrdinal": false,
                      "Name": "Visible",
                      "Operation": "EqualTo",
                      "Value": true
                    }
                  ],
                  "CustomValue": null,
                  "Ignore": false,
                  "Name": "Window 'Draw Funds'",
                  "Tag": "window"
                },
                {
                  "Attributes": [
                    {
                      "Ignore": true,
                      "IsOrdinal": false,
                      "Name": "Class",
                      "Operation": "EqualTo",
                      "Value": "WindowsForms10.Edit.app.0.378734a_r3_ad1"
                    },
                    {
                      "Ignore": true,
                      "IsOrdinal": false,
                      "Name": "Enabled",
                      "Operation": "EqualTo",
                      "Value": true
                    },
                    {
                      "Ignore": false,
                      "IsOrdinal": false,
                      "Name": "Id",
                      "Operation": "EqualTo",
                      "Value": "inspectionJobNumberTextBox"
                    },
                    {
                      "Ignore": true,
                      "IsOrdinal": false,
                      "Name": "Name",
                      "Operation": "EqualTo",
                      "Value": "Inspection Job #"
                    },
                    {
                      "Ignore": true,
                      "IsOrdinal": true,
                      "Name": "Ordinal",
                      "Operation": "EqualTo",
                      "Value": 0
                    },
                    {
                      "Ignore": true,
                      "IsOrdinal": false,
                      "Name": "Password",
                      "Operation": "EqualTo",
                      "Value": false
                    },
                    {
                      "Ignore": true,
                      "IsOrdinal": false,
                      "Name": "Visible",
                      "Operation": "EqualTo",
                      "Value": true
                    }
                  ],
                  "CustomValue": null,
                  "Ignore": false,
                  "Name": "Edit 'Inspection Job #'",
                  "Tag": "edit"
                }
              ],
              "Ignore": false,
              "ImageSelector": null,
              "IsCustom": false,
              "IsImageBased": false,
              "IsWindowsInstance": false,
              "Name": "Default Selector",
              "Properties": []
            }
          ],
          "Tag": "edit",
          "ScreenshotPath": "controlRepo-screenshots\\c8709b02-59f0-4c45-bff1-e0ab809d3317.png"
        },
        {
          "AutomationProtocol": "uia3",
          "ScreenShot": null,
          "ElementTypeName": "Edit",
          "InstanceId": "00feda36-64e9-4dec-977f-b3f724d04d16",
          "Name": "Edit 'Risk Score'",
          "SelectorCount": 1,
          "Selectors": [
            {
              "CustomSelector": null,
              "Elements": [
                {
                  "Attributes": [
                    {
                      "Ignore": true,
                      "IsOrdinal": false,
                      "Name": "Class",
                      "Operation": "EqualTo",
                      "Value": "WindowsForms10.Window.8.app.0.378734a_r3_ad1"
                    },
                    {
                      "Ignore": true,
                      "IsOrdinal": false,
                      "Name": "Enabled",
                      "Operation": "EqualTo",
                      "Value": true
                    },
                    {
                      "Ignore": false,
                      "IsOrdinal": false,
                      "Name": "Id",
                      "Operation": "EqualTo",
                      "Value": "ApprovalConfirmation"
                    },
                    {
                      "Ignore": true,
                      "IsOrdinal": false,
                      "Name": "Name",
                      "Operation": "EqualTo",
                      "Value": "Draw Funds"
                    },
                    {
                      "Ignore": true,
                      "IsOrdinal": true,
                      "Name": "Ordinal",
                      "Operation": "EqualTo",
                      "Value": 0
                    },
                    {
                      "Ignore": true,
                      "IsOrdinal": false,
                      "Name": "Process",
                      "Operation": "EqualTo",
                      "Value": "Woodgrove Bank Funding Manager"
                    },
                    {
                      "Ignore": true,
                      "IsOrdinal": false,
                      "Name": "Visible",
                      "Operation": "EqualTo",
                      "Value": true
                    }
                  ],
                  "CustomValue": null,
                  "Ignore": false,
                  "Name": "Window 'Draw Funds'",
                  "Tag": "window"
                },
                {
                  "Attributes": [
                    {
                      "Ignore": true,
                      "IsOrdinal": false,
                      "Name": "Class",
                      "Operation": "EqualTo",
                      "Value": "WindowsForms10.Edit.app.0.378734a_r3_ad1"
                    },
                    {
                      "Ignore": true,
                      "IsOrdinal": false,
                      "Name": "Enabled",
                      "Operation": "EqualTo",
                      "Value": true
                    },
                    {
                      "Ignore": false,
                      "IsOrdinal": false,
                      "Name": "Id",
                      "Operation": "EqualTo",
                      "Value": "riskScoreTextBox"
                    },
                    {
                      "Ignore": true,
                      "IsOrdinal": false,
                      "Name": "Name",
                      "Operation": "EqualTo",
                      "Value": "Risk Score"
                    },
                    {
                      "Ignore": true,
                      "IsOrdinal": true,
                      "Name": "Ordinal",
                      "Operation": "EqualTo",
                      "Value": 0
                    },
                    {
                      "Ignore": true,
                      "IsOrdinal": false,
                      "Name": "Password",
                      "Operation": "EqualTo",
                      "Value": false
                    },
                    {
                      "Ignore": true,
                      "IsOrdinal": false,
                      "Name": "Visible",
                      "Operation": "EqualTo",
                      "Value": true
                    }
                  ],
                  "CustomValue": null,
                  "Ignore": false,
                  "Name": "Edit 'Risk Score'",
                  "Tag": "edit"
                }
              ],
              "Ignore": false,
              "ImageSelector": null,
              "IsCustom": false,
              "IsImageBased": false,
              "IsWindowsInstance": false,
              "Name": "Default Selector",
              "Properties": []
            }
          ],
          "Tag": "edit",
          "ScreenshotPath": "controlRepo-screenshots\\9670a2f5-97ea-436a-9609-8867fa13c1f8.png"
        },
        {
          "AutomationProtocol": "uia3",
          "ScreenShot": null,
          "ElementTypeName": "Check Box",
          "InstanceId": "97968511-a46d-4e0e-975f-24cd0d44035a",
          "Name": "Check Box 'Borrower Approved Draw'",
          "SelectorCount": 1,
          "Selectors": [
            {
              "CustomSelector": null,
              "Elements": [
                {
                  "Attributes": [
                    {
                      "Ignore": true,
                      "IsOrdinal": false,
                      "Name": "Class",
                      "Operation": "EqualTo",
                      "Value": "WindowsForms10.Window.8.app.0.378734a_r3_ad1"
                    },
                    {
                      "Ignore": true,
                      "IsOrdinal": false,
                      "Name": "Enabled",
                      "Operation": "EqualTo",
                      "Value": true
                    },
                    {
                      "Ignore": false,
                      "IsOrdinal": false,
                      "Name": "Id",
                      "Operation": "EqualTo",
                      "Value": "ApprovalConfirmation"
                    },
                    {
                      "Ignore": true,
                      "IsOrdinal": false,
                      "Name": "Name",
                      "Operation": "EqualTo",
                      "Value": "Draw Funds"
                    },
                    {
                      "Ignore": true,
                      "IsOrdinal": true,
                      "Name": "Ordinal",
                      "Operation": "EqualTo",
                      "Value": 0
                    },
                    {
                      "Ignore": true,
                      "IsOrdinal": false,
                      "Name": "Process",
                      "Operation": "EqualTo",
                      "Value": "Woodgrove Bank Funding Manager"
                    },
                    {
                      "Ignore": true,
                      "IsOrdinal": false,
                      "Name": "Visible",
                      "Operation": "EqualTo",
                      "Value": true
                    }
                  ],
                  "CustomValue": null,
                  "Ignore": false,
                  "Name": "Window 'Draw Funds'",
                  "Tag": "window"
                },
                {
                  "Attributes": [
                    {
                      "Ignore": true,
                      "IsOrdinal": false,
                      "Name": "Checked",
                      "Operation": "EqualTo",
                      "Value": false
                    },
                    {
                      "Ignore": true,
                      "IsOrdinal": false,
                      "Name": "Class",
                      "Operation": "EqualTo",
                      "Value": "WindowsForms10.Button.app.0.378734a_r3_ad1"
                    },
                    {
                      "Ignore": true,
                      "IsOrdinal": false,
                      "Name": "Enabled",
                      "Operation": "EqualTo",
                      "Value": true
                    },
                    {
                      "Ignore": false,
                      "IsOrdinal": false,
                      "Name": "Id",
                      "Operation": "EqualTo",
                      "Value": "borrowerApprovedCheckBox"
                    },
                    {
                      "Ignore": true,
                      "IsOrdinal": false,
                      "Name": "Name",
                      "Operation": "EqualTo",
                      "Value": "Borrower Approved Draw"
                    },
                    {
                      "Ignore": true,
                      "IsOrdinal": true,
                      "Name": "Ordinal",
                      "Operation": "EqualTo",
                      "Value": 0
                    },
                    {
                      "Ignore": true,
                      "IsOrdinal": false,
                      "Name": "Visible",
                      "Operation": "EqualTo",
                      "Value": true
                    }
                  ],
                  "CustomValue": null,
                  "Ignore": false,
                  "Name": "Check Box 'Borrower Approved Draw'",
                  "Tag": "checkbox"
                }
              ],
              "Ignore": false,
              "ImageSelector": null,
              "IsCustom": false,
              "IsImageBased": false,
              "IsWindowsInstance": false,
              "Name": "Default Selector",
              "Properties": []
            }
          ],
          "Tag": "checkbox",
          "ScreenshotPath": "controlRepo-screenshots\\d463bed6-143e-4c78-bd7c-6dd4c3fce8f3.png"
        },
        {
          "AutomationProtocol": "uia3",
          "ScreenShot": null,
          "ElementTypeName": "Button",
          "InstanceId": "77bc4a69-0beb-4b03-b6f1-c49fb3435db8",
          "Name": "Button 'Draw Funds' 2",
          "SelectorCount": 1,
          "Selectors": [
            {
              "CustomSelector": null,
              "Elements": [
                {
                  "Attributes": [
                    {
                      "Ignore": true,
                      "IsOrdinal": false,
                      "Name": "Class",
                      "Operation": "EqualTo",
                      "Value": "WindowsForms10.Window.8.app.0.378734a_r3_ad1"
                    },
                    {
                      "Ignore": true,
                      "IsOrdinal": false,
                      "Name": "Enabled",
                      "Operation": "EqualTo",
                      "Value": true
                    },
                    {
                      "Ignore": false,
                      "IsOrdinal": false,
                      "Name": "Id",
                      "Operation": "EqualTo",
                      "Value": "ApprovalConfirmation"
                    },
                    {
                      "Ignore": true,
                      "IsOrdinal": false,
                      "Name": "Name",
                      "Operation": "EqualTo",
                      "Value": "Draw Funds"
                    },
                    {
                      "Ignore": true,
                      "IsOrdinal": true,
                      "Name": "Ordinal",
                      "Operation": "EqualTo",
                      "Value": 0
                    },
                    {
                      "Ignore": true,
                      "IsOrdinal": false,
                      "Name": "Process",
                      "Operation": "EqualTo",
                      "Value": "Woodgrove Bank Funding Manager"
                    },
                    {
                      "Ignore": true,
                      "IsOrdinal": false,
                      "Name": "Visible",
                      "Operation": "EqualTo",
                      "Value": true
                    }
                  ],
                  "CustomValue": null,
                  "Ignore": false,
                  "Name": "Window 'Draw Funds'",
                  "Tag": "window"
                },
                {
                  "Attributes": [
                    {
                      "Ignore": true,
                      "IsOrdinal": false,
                      "Name": "Class",
                      "Operation": "EqualTo",
                      "Value": "WindowsForms10.Button.app.0.378734a_r3_ad1"
                    },
                    {
                      "Ignore": true,
                      "IsOrdinal": false,
                      "Name": "Enabled",
                      "Operation": "EqualTo",
                      "Value": true
                    },
                    {
                      "Ignore": false,
                      "IsOrdinal": false,
                      "Name": "Id",
                      "Operation": "EqualTo",
                      "Value": "drawFundsButton"
                    },
                    {
                      "Ignore": true,
                      "IsOrdinal": false,
                      "Name": "IsDefault",
                      "Operation": "EqualTo",
                      "Value": false
                    },
                    {
                      "Ignore": true,
                      "IsOrdinal": false,
                      "Name": "Name",
                      "Operation": "EqualTo",
                      "Value": "Draw Funds"
                    },
                    {
                      "Ignore": true,
                      "IsOrdinal": true,
                      "Name": "Ordinal",
                      "Operation": "EqualTo",
                      "Value": 0
                    },
                    {
                      "Ignore": true,
                      "IsOrdinal": false,
                      "Name": "Visible",
                      "Operation": "EqualTo",
                      "Value": true
                    }
                  ],
                  "CustomValue": null,
                  "Ignore": false,
                  "Name": "Button 'Draw Funds'",
                  "Tag": "button"
                }
              ],
              "Ignore": false,
              "ImageSelector": null,
              "IsCustom": false,
              "IsImageBased": false,
              "IsWindowsInstance": false,
              "Name": "Default Selector",
              "Properties": []
            }
          ],
          "Tag": "button",
          "ScreenshotPath": "controlRepo-screenshots\\1625729a-65ed-4da5-9678-76844f38b053.png"
        },
        {
          "AutomationProtocol": "uia3",
          "ScreenShot": null,
          "ElementTypeName": "Button",
          "InstanceId": "27f67d18-b053-477e-8ab1-dc3aaf682d88",
          "Name": "Button 'Close'",
          "SelectorCount": 1,
          "Selectors": [
            {
              "CustomSelector": null,
              "Elements": [
                {
                  "Attributes": [
                    {
                      "Ignore": true,
                      "IsOrdinal": false,
                      "Name": "Class",
                      "Operation": "EqualTo",
                      "Value": ""
                    },
                    {
                      "Ignore": true,
                      "IsOrdinal": false,
                      "Name": "Enabled",
                      "Operation": "EqualTo",
                      "Value": true
                    },
                    {
                      "Ignore": false,
                      "IsOrdinal": false,
                      "Name": "Id",
                      "Operation": "EqualTo",
                      "Value": "TitleBar"
                    },
                    {
                      "Ignore": true,
                      "IsOrdinal": false,
                      "Name": "Name",
                      "Operation": "EqualTo",
                      "Value": ""
                    },
                    {
                      "Ignore": true,
                      "IsOrdinal": true,
                      "Name": "Ordinal",
                      "Operation": "EqualTo",
                      "Value": 0
                    },
                    {
                      "Ignore": true,
                      "IsOrdinal": false,
                      "Name": "Visible",
                      "Operation": "EqualTo",
                      "Value": true
                    }
                  ],
                  "CustomValue": null,
                  "Ignore": false,
                  "Name": "Title Bar",
                  "Tag": "titlebar"
                },
                {
                  "Attributes": [
                    {
                      "Ignore": true,
                      "IsOrdinal": false,
                      "Name": "Class",
                      "Operation": "EqualTo",
                      "Value": ""
                    },
                    {
                      "Ignore": true,
                      "IsOrdinal": false,
                      "Name": "Enabled",
                      "Operation": "EqualTo",
                      "Value": true
                    },
                    {
                      "Ignore": false,
                      "IsOrdinal": false,
                      "Name": "Id",
                      "Operation": "EqualTo",
                      "Value": "Close"
                    },
                    {
                      "Ignore": true,
                      "IsOrdinal": false,
                      "Name": "IsDefault",
                      "Operation": "EqualTo",
                      "Value": false
                    },
                    {
                      "Ignore": true,
                      "IsOrdinal": false,
                      "Name": "Name",
                      "Operation": "EqualTo",
                      "Value": "Close"
                    },
                    {
                      "Ignore": true,
                      "IsOrdinal": true,
                      "Name": "Ordinal",
                      "Operation": "EqualTo",
                      "Value": 0
                    },
                    {
                      "Ignore": true,
                      "IsOrdinal": false,
                      "Name": "Visible",
                      "Operation": "EqualTo",
                      "Value": true
                    }
                  ],
                  "CustomValue": null,
                  "Ignore": false,
                  "Name": "Button 'Close'",
                  "Tag": "button"
                }
              ],
              "Ignore": false,
              "ImageSelector": null,
              "IsCustom": false,
              "IsImageBased": false,
              "IsWindowsInstance": false,
              "Name": "Default Selector",
              "Properties": []
            }
          ],
          "Tag": "button",
          "ScreenshotPath": "controlRepo-screenshots\\eb9787b2-3a83-45ac-8e72-5e28421a9402.png"
        },
        {
          "AutomationProtocol": "uia3",
          "ScreenShot": null,
          "ElementTypeName": "Text",
          "InstanceId": "32afe4ff-2a5f-42f9-9577-cbf547de010d",
          "Name": "Text 'Can't find loan number MC3749. Please try again.'",
          "SelectorCount": 1,
          "Selectors": [
            {
              "CustomSelector": null,
              "Elements": [
                {
                  "Attributes": [
                    {
                      "Ignore": true,
                      "IsOrdinal": false,
                      "Name": "Class",
                      "Operation": "EqualTo",
                      "Value": "WindowsForms10.Static.app.0.378734a_r3_ad1"
                    },
                    {
                      "Ignore": true,
                      "IsOrdinal": false,
                      "Name": "Enabled",
                      "Operation": "EqualTo",
                      "Value": true
                    },
                    {
                      "Ignore": false,
                      "IsOrdinal": false,
                      "Name": "Id",
                      "Operation": "EqualTo",
                      "Value": "messageLabel"
                    },
                    {
                      "Ignore": true,
                      "IsOrdinal": false,
                      "Name": "Name",
                      "Operation": "EqualTo",
                      "Value": "Can't find loan number MC3749. Please try again."
                    },
                    {
                      "Ignore": true,
                      "IsOrdinal": true,
                      "Name": "Ordinal",
                      "Operation": "EqualTo",
                      "Value": 0
                    },
                    {
                      "Ignore": true,
                      "IsOrdinal": false,
                      "Name": "Password",
                      "Operation": "EqualTo",
                      "Value": false
                    },
                    {
                      "Ignore": true,
                      "IsOrdinal": false,
                      "Name": "Visible",
                      "Operation": "EqualTo",
                      "Value": true
                    }
                  ],
                  "CustomValue": null,
                  "Ignore": false,
                  "Name": "Text 'Can't find loan number MC3749. Please try again.'",
                  "Tag": "text"
                }
              ],
              "Ignore": false,
              "ImageSelector": null,
              "IsCustom": false,
              "IsImageBased": false,
              "IsWindowsInstance": false,
              "Name": "Default Selector",
              "Properties": []
            }
          ],
          "Tag": "text",
          "ScreenshotPath": "controlRepo-screenshots\\7bf75858-9a8f-4cb4-bc03-1554e4de488d.png"
        },
        {
          "AutomationProtocol": "uia3",
          "ScreenShot": null,
          "ElementTypeName": "Text",
          "InstanceId": "e4952a00-eae2-4844-bde3-24f8b7d6d84e",
          "Name": "Text 'Can't find loan number MC3749. Please try again.' 2",
          "SelectorCount": 1,
          "Selectors": [
            {
              "CustomSelector": null,
              "Elements": [
                {
                  "Attributes": [
                    {
                      "Ignore": true,
                      "IsOrdinal": false,
                      "Name": "Class",
                      "Operation": "EqualTo",
                      "Value": "WindowsForms10.Static.app.0.378734a_r3_ad1"
                    },
                    {
                      "Ignore": true,
                      "IsOrdinal": false,
                      "Name": "Enabled",
                      "Operation": "EqualTo",
                      "Value": true
                    },
                    {
                      "Ignore": false,
                      "IsOrdinal": false,
                      "Name": "Id",
                      "Operation": "EqualTo",
                      "Value": "messageLabel"
                    },
                    {
                      "Ignore": true,
                      "IsOrdinal": false,
                      "Name": "Name",
                      "Operation": "EqualTo",
                      "Value": "Can't find loan number MC3749. Please try again."
                    },
                    {
                      "Ignore": true,
                      "IsOrdinal": true,
                      "Name": "Ordinal",
                      "Operation": "EqualTo",
                      "Value": 0
                    },
                    {
                      "Ignore": true,
                      "IsOrdinal": false,
                      "Name": "Password",
                      "Operation": "EqualTo",
                      "Value": false
                    },
                    {
                      "Ignore": true,
                      "IsOrdinal": false,
                      "Name": "Visible",
                      "Operation": "EqualTo",
                      "Value": true
                    }
                  ],
                  "CustomValue": null,
                  "Ignore": false,
                  "Name": "Text 'Can't find loan number MC3749. Please try again.'",
                  "Tag": "text"
                }
              ],
              "Ignore": false,
              "ImageSelector": null,
              "IsCustom": false,
              "IsImageBased": false,
              "IsWindowsInstance": false,
              "Name": "Default Selector",
              "Properties": []
            }
          ],
          "Tag": "text",
          "ScreenshotPath": "controlRepo-screenshots\\7dc41878-1c28-47ab-b609-fe0460e9a3a7.png"
        }
      ],
      "Handle": {
        "value": 0
      },
      "ProcessName": null,
      "ScreenShot": null,
      "ElementTypeName": "Window",
      "InstanceId": "40e03f9f-f898-497c-bf9a-476f662fd234",
      "Name": "Window 'Request Funds Draw'",
      "SelectorCount": 1,
      "Selectors": [
        {
          "CustomSelector": null,
          "Elements": [
            {
              "Attributes": [
                {
                  "Ignore": true,
                  "IsOrdinal": false,
                  "Name": "Class",
                  "Operation": "EqualTo",
                  "Value": "WindowsForms10.Window.8.app.0.378734a_r3_ad1"
                },
                {
                  "Ignore": true,
                  "IsOrdinal": false,
                  "Name": "Enabled",
                  "Operation": "EqualTo",
                  "Value": true
                },
                {
                  "Ignore": true,
                  "IsOrdinal": false,
                  "Name": "Id",
                  "Operation": "EqualTo",
                  "Value": "MainForm"
                },
                {
                  "Ignore": false,
                  "IsOrdinal": false,
                  "Name": "Name",
                  "Operation": "EqualTo",
                  "Value": "Request Funds Draw"
                },
                {
                  "Ignore": true,
                  "IsOrdinal": true,
                  "Name": "Ordinal",
                  "Operation": "EqualTo",
                  "Value": 0
                },
                {
                  "Ignore": false,
                  "IsOrdinal": false,
                  "Name": "Process",
                  "Operation": "EqualTo",
                  "Value": "Woodgrove Bank Funding Manager"
                },
                {
                  "Ignore": true,
                  "IsOrdinal": false,
                  "Name": "Visible",
                  "Operation": "EqualTo",
                  "Value": true
                }
              ],
              "CustomValue": null,
              "Ignore": false,
              "Name": "Window 'Request Funds Draw'",
              "Tag": "window"
            }
          ],
          "Ignore": false,
          "ImageSelector": null,
          "IsCustom": false,
          "IsImageBased": false,
          "IsWindowsInstance": false,
          "Name": "Default Selector",
          "Properties": []
        }
      ],
      "Tag": "window",
      "ScreenshotPath": "controlRepo-screenshots\\36623f71-6343-4060-9b75-bea84558b2a9.png"
    },
    {
      "Controls": [
        {
          "AutomationProtocol": "uia3",
          "ScreenShot": null,
          "ElementTypeName": "Text",
          "InstanceId": "11cab848-c33e-446d-a00c-06a4e2270bfb",
          "Name": "Text 'c418927e-7251-408b-ba76-24d840be8e72'",
          "SelectorCount": 1,
          "Selectors": [
            {
              "CustomSelector": null,
              "Elements": [
                {
                  "Attributes": [
                    {
                      "Ignore": true,
                      "IsOrdinal": false,
                      "Name": "Class",
                      "Operation": "EqualTo",
                      "Value": "WindowsForms10.Window.8.app.0.378734a_r3_ad1"
                    },
                    {
                      "Ignore": true,
                      "IsOrdinal": false,
                      "Name": "Enabled",
                      "Operation": "EqualTo",
                      "Value": true
                    },
                    {
                      "Ignore": false,
                      "IsOrdinal": false,
                      "Name": "Id",
                      "Operation": "EqualTo",
                      "Value": "drawConfirmationPanel"
                    },
                    {
                      "Ignore": true,
                      "IsOrdinal": false,
                      "Name": "Name",
                      "Operation": "EqualTo",
                      "Value": ""
                    },
                    {
                      "Ignore": true,
                      "IsOrdinal": true,
                      "Name": "Ordinal",
                      "Operation": "EqualTo",
                      "Value": 0
                    },
                    {
                      "Ignore": true,
                      "IsOrdinal": false,
                      "Name": "Process",
                      "Operation": "EqualTo",
                      "Value": "Woodgrove Bank Funding Manager"
                    },
                    {
                      "Ignore": true,
                      "IsOrdinal": false,
                      "Name": "Visible",
                      "Operation": "EqualTo",
                      "Value": true
                    }
                  ],
                  "CustomValue": null,
                  "Ignore": false,
                  "Name": "Pane 'WindowsForms10.Window.8.app.0.378734a_r3_ad1'",
                  "Tag": "pane"
                },
                {
                  "Attributes": [
                    {
                      "Ignore": true,
                      "IsOrdinal": false,
                      "Name": "Class",
                      "Operation": "EqualTo",
                      "Value": "WindowsForms10.Static.app.0.378734a_r3_ad1"
                    },
                    {
                      "Ignore": true,
                      "IsOrdinal": false,
                      "Name": "Enabled",
                      "Operation": "EqualTo",
                      "Value": true
                    },
                    {
                      "Ignore": false,
                      "IsOrdinal": false,
                      "Name": "Id",
                      "Operation": "EqualTo",
                      "Value": "ftnLabel"
                    },
                    {
                      "Ignore": true,
                      "IsOrdinal": false,
                      "Name": "Name",
                      "Operation": "EqualTo",
                      "Value": "c418927e-7251-408b-ba76-24d840be8e72"
                    },
                    {
                      "Ignore": true,
                      "IsOrdinal": true,
                      "Name": "Ordinal",
                      "Operation": "EqualTo",
                      "Value": 0
                    },
                    {
                      "Ignore": true,
                      "IsOrdinal": false,
                      "Name": "Password",
                      "Operation": "EqualTo",
                      "Value": false
                    },
                    {
                      "Ignore": true,
                      "IsOrdinal": false,
                      "Name": "Visible",
                      "Operation": "EqualTo",
                      "Value": true
                    }
                  ],
                  "CustomValue": null,
                  "Ignore": false,
                  "Name": "Text 'c418927e-7251-408b-ba76-24d840be8e72'",
                  "Tag": "text"
                }
              ],
              "Ignore": false,
              "ImageSelector": null,
              "IsCustom": false,
              "IsImageBased": false,
              "IsWindowsInstance": false,
              "Name": "Default Selector",
              "Properties": []
            }
          ],
          "Tag": "text",
          "ScreenshotPath": "controlRepo-screenshots\\79da6e9d-5ae5-4ba4-a9bc-fbb24a7f1c39.png"
        },
        {
          "AutomationProtocol": "uia3",
          "ScreenShot": null,
          "ElementTypeName": "Text",
          "InstanceId": "9487b3d7-068d-4384-a224-90d9ca75be23",
          "Name": "Text '731566'",
          "SelectorCount": 1,
          "Selectors": [
            {
              "CustomSelector": null,
              "Elements": [
                {
                  "Attributes": [
                    {
                      "Ignore": true,
                      "IsOrdinal": false,
                      "Name": "Class",
                      "Operation": "EqualTo",
                      "Value": "WindowsForms10.Window.8.app.0.378734a_r3_ad1"
                    },
                    {
                      "Ignore": true,
                      "IsOrdinal": false,
                      "Name": "Enabled",
                      "Operation": "EqualTo",
                      "Value": true
                    },
                    {
                      "Ignore": false,
                      "IsOrdinal": false,
                      "Name": "Id",
                      "Operation": "EqualTo",
                      "Value": "drawConfirmationPanel"
                    },
                    {
                      "Ignore": true,
                      "IsOrdinal": false,
                      "Name": "Name",
                      "Operation": "EqualTo",
                      "Value": ""
                    },
                    {
                      "Ignore": true,
                      "IsOrdinal": true,
                      "Name": "Ordinal",
                      "Operation": "EqualTo",
                      "Value": 0
                    },
                    {
                      "Ignore": true,
                      "IsOrdinal": false,
                      "Name": "Process",
                      "Operation": "EqualTo",
                      "Value": "Woodgrove Bank Funding Manager"
                    },
                    {
                      "Ignore": true,
                      "IsOrdinal": false,
                      "Name": "Visible",
                      "Operation": "EqualTo",
                      "Value": true
                    }
                  ],
                  "CustomValue": null,
                  "Ignore": false,
                  "Name": "Pane 'WindowsForms10.Window.8.app.0.378734a_r3_ad1'",
                  "Tag": "pane"
                },
                {
                  "Attributes": [
                    {
                      "Ignore": true,
                      "IsOrdinal": false,
                      "Name": "Class",
                      "Operation": "EqualTo",
                      "Value": "WindowsForms10.Static.app.0.378734a_r3_ad1"
                    },
                    {
                      "Ignore": true,
                      "IsOrdinal": false,
                      "Name": "Enabled",
                      "Operation": "EqualTo",
                      "Value": true
                    },
                    {
                      "Ignore": false,
                      "IsOrdinal": false,
                      "Name": "Id",
                      "Operation": "EqualTo",
                      "Value": "sequenceNumberLabel"
                    },
                    {
                      "Ignore": true,
                      "IsOrdinal": false,
                      "Name": "Name",
                      "Operation": "EqualTo",
                      "Value": "731566"
                    },
                    {
                      "Ignore": true,
                      "IsOrdinal": true,
                      "Name": "Ordinal",
                      "Operation": "EqualTo",
                      "Value": 0
                    },
                    {
                      "Ignore": true,
                      "IsOrdinal": false,
                      "Name": "Password",
                      "Operation": "EqualTo",
                      "Value": false
                    },
                    {
                      "Ignore": true,
                      "IsOrdinal": false,
                      "Name": "Visible",
                      "Operation": "EqualTo",
                      "Value": true
                    }
                  ],
                  "CustomValue": null,
                  "Ignore": false,
                  "Name": "Text '731566'",
                  "Tag": "text"
                }
              ],
              "Ignore": false,
              "ImageSelector": null,
              "IsCustom": false,
              "IsImageBased": false,
              "IsWindowsInstance": false,
              "Name": "Default Selector",
              "Properties": []
            }
          ],
          "Tag": "text",
          "ScreenshotPath": "controlRepo-screenshots\\644f857d-f252-4e85-b0df-302fd9b07fef.png"
        },
        {
          "AutomationProtocol": "uia3",
          "ScreenShot": null,
          "ElementTypeName": "Button",
          "InstanceId": "402425ce-ed9c-4b35-919c-e796dc0a7736",
          "Name": "Button 'OK'",
          "SelectorCount": 1,
          "Selectors": [
            {
              "CustomSelector": null,
              "Elements": [
                {
                  "Attributes": [
                    {
                      "Ignore": true,
                      "IsOrdinal": false,
                      "Name": "Class",
                      "Operation": "EqualTo",
                      "Value": "WindowsForms10.Button.app.0.378734a_r3_ad1"
                    },
                    {
                      "Ignore": true,
                      "IsOrdinal": false,
                      "Name": "Enabled",
                      "Operation": "EqualTo",
                      "Value": true
                    },
                    {
                      "Ignore": false,
                      "IsOrdinal": false,
                      "Name": "Id",
                      "Operation": "EqualTo",
                      "Value": "closeButton"
                    },
                    {
                      "Ignore": true,
                      "IsOrdinal": false,
                      "Name": "IsDefault",
                      "Operation": "EqualTo",
                      "Value": false
                    },
                    {
                      "Ignore": true,
                      "IsOrdinal": false,
                      "Name": "Name",
                      "Operation": "EqualTo",
                      "Value": "OK"
                    },
                    {
                      "Ignore": true,
                      "IsOrdinal": true,
                      "Name": "Ordinal",
                      "Operation": "EqualTo",
                      "Value": 0
                    },
                    {
                      "Ignore": true,
                      "IsOrdinal": false,
                      "Name": "Visible",
                      "Operation": "EqualTo",
                      "Value": true
                    }
                  ],
                  "CustomValue": null,
                  "Ignore": false,
                  "Name": "Button 'OK'",
                  "Tag": "button"
                }
              ],
              "Ignore": false,
              "ImageSelector": null,
              "IsCustom": false,
              "IsImageBased": false,
              "IsWindowsInstance": false,
              "Name": "Default Selector",
              "Properties": []
            }
          ],
          "Tag": "button",
          "ScreenshotPath": "controlRepo-screenshots\\5a339731-5403-4769-a54f-21cf31c9bccb.png"
        }
      ],
      "Handle": {
        "value": 0
      },
      "ProcessName": null,
      "ScreenShot": null,
      "ElementTypeName": "Window",
      "InstanceId": "f5fd95c6-8eb4-4e72-896d-ba2b41666635",
      "Name": "Window 'Draw Confirmation'",
      "SelectorCount": 1,
      "Selectors": [
        {
          "CustomSelector": null,
          "Elements": [
            {
              "Attributes": [
                {
                  "Ignore": true,
                  "IsOrdinal": false,
                  "Name": "Class",
                  "Operation": "EqualTo",
                  "Value": "WindowsForms10.Window.8.app.0.378734a_r3_ad1"
                },
                {
                  "Ignore": true,
                  "IsOrdinal": false,
                  "Name": "Enabled",
                  "Operation": "EqualTo",
                  "Value": true
                },
                {
                  "Ignore": true,
                  "IsOrdinal": false,
                  "Name": "Id",
                  "Operation": "EqualTo",
                  "Value": "DrawConfirmation"
                },
                {
                  "Ignore": false,
                  "IsOrdinal": false,
                  "Name": "Name",
                  "Operation": "EqualTo",
                  "Value": "Draw Confirmation"
                },
                {
                  "Ignore": true,
                  "IsOrdinal": true,
                  "Name": "Ordinal",
                  "Operation": "EqualTo",
                  "Value": 0
                },
                {
                  "Ignore": false,
                  "IsOrdinal": false,
                  "Name": "Process",
                  "Operation": "EqualTo",
                  "Value": "Woodgrove Bank Funding Manager"
                },
                {
                  "Ignore": true,
                  "IsOrdinal": false,
                  "Name": "Visible",
                  "Operation": "EqualTo",
                  "Value": true
                }
              ],
              "CustomValue": null,
              "Ignore": false,
              "Name": "Window 'Draw Confirmation'",
              "Tag": "window"
            }
          ],
          "Ignore": false,
          "ImageSelector": null,
          "IsCustom": false,
          "IsImageBased": false,
          "IsWindowsInstance": false,
          "Name": "Default Selector",
          "Properties": []
        }
      ],
      "Tag": "window",
      "ScreenshotPath": "controlRepo-screenshots\\0d9db9f8-f497-4577-96a2-34fec020eae1.png"
    }
  ],
  "Version": 1
}