<desktopflowbinary desktopflowbinaryid="51c55012-4d44-45ae-b279-40fa331fa072">
  <data mimetype="application/json">ManifestFile_51c55012-4d44-45ae-b279-40fa331fa072.json</data>
  <iscustomizable>1</iscustomizable>
  <metadata>{}</metadata>
  <mimetype>application/json</mimetype>
  <name>Desktop flow manifest file</name>
  <process>
    <workflowid>8a464062-7604-4345-b8a1-070f96e0c800</workflowid>
  </process>
  <reference>flow.manifest</reference>
  <statecode>0</statecode>
  <statuscode>1</statuscode>
  <type>ManifestFile</type>
</desktopflowbinary>