<desktopflowbinary desktopflowbinaryid="39c500e3-fdf2-4249-b395-f564004e1d34">
  <data mimetype="application/json">ManifestFile_39c500e3-fdf2-4249-b395-f564004e1d34.json</data>
  <iscustomizable>1</iscustomizable>
  <metadata>{}</metadata>
  <mimetype>application/json</mimetype>
  <name>Desktop flow manifest file</name>
  <process>
    <workflowid>c3f9a4db-c6c1-455c-a574-37b99411900d</workflowid>
  </process>
  <reference>flow.manifest</reference>
  <statecode>0</statecode>
  <statuscode>1</statuscode>
  <type>ManifestFile</type>
</desktopflowbinary>