<desktopflowbinary desktopflowbinaryid="0ebed17b-fccf-420c-b9b0-63dd74b62d5e">
  <data mimetype="image/png">ControlRepositoryImageFile_0ebed17b-fccf-420c-b9b0-63dd74b62d5e.png</data>
  <iscustomizable>1</iscustomizable>
  <metadata>{}</metadata>
  <mimetype>image/png</mimetype>
  <name>Desktop flow ui element screenshot</name>
  <process>
    <workflowid>d58ebbad-5aef-ef11-be20-6045bdaf0281</workflowid>
  </process>
  <reference>controlRepo-screenshots\7dc41878-1c28-47ab-b609-fe0460e9a3a7.png</reference>
  <statecode>0</statecode>
  <statuscode>1</statuscode>
  <type>ControlRepositoryImageFile</type>
</desktopflowbinary>