<desktopflowbinary desktopflowbinaryid="2fb41d60-2681-4b32-8ff2-a156ffe529d7">
  <data mimetype="image/png">ControlRepositoryImageFile_2fb41d60-2681-4b32-8ff2-a156ffe529d7.png</data>
  <iscustomizable>1</iscustomizable>
  <metadata>{}</metadata>
  <mimetype>image/png</mimetype>
  <name>Desktop flow ui element screenshot</name>
  <process>
    <workflowid>c3f9a4db-c6c1-455c-a574-37b99411900d</workflowid>
  </process>
  <reference>controlRepo-screenshots\89ae88a1-9b10-4e71-8c71-66e1e3cf0754.png</reference>
  <statecode>0</statecode>
  <statuscode>1</statuscode>
  <type>ControlRepositoryImageFile</type>
</desktopflowbinary>