<desktopflowbinary desktopflowbinaryid="43e061bb-6043-41d5-aa5e-f8b44a28d5c0">
  <data mimetype="application/json">ControlRepository_b56900be-44e2-4b69-a0c4-f8db18099b0a.json</data>
  <iscustomizable>1</iscustomizable>
  <metadata>{}</metadata>
  <mimetype>application/json</mimetype>
  <name>Desktop flow ui elements</name>
  <process>
    <workflowid>8a464062-7604-4345-b8a1-070f96e0c800</workflowid>
  </process>
  <reference>controlRepo.appmask</reference>
  <statecode>0</statecode>
  <statuscode>1</statuscode>
  <type>ControlRepository</type>
</desktopflowbinary>