<desktopflowbinary desktopflowbinaryid="a6ff123b-a670-4358-bcb6-7227151c3e24">
  <data mimetype="application/json">DependenciesFile_f0000123-05a1-4c0d-a43c-1d4ee59f7fd2.json</data>
  <iscustomizable>1</iscustomizable>
  <metadata>{}</metadata>
  <mimetype>application/json</mimetype>
  <name>Desktop flow dependencies file</name>
  <process>
    <workflowid>786f019f-c6fd-4714-9529-6f79c340d117</workflowid>
  </process>
  <reference>flow.dependencies</reference>
  <statecode>0</statecode>
  <statuscode>1</statuscode>
  <type>DependenciesFile</type>
</desktopflowbinary>