<desktopflowbinary desktopflowbinaryid="32ac6db2-ff22-4402-a4e3-bf918f152efa">
  <data mimetype="application/json">ControlRepository_04197f14-ecee-4a06-93a4-99c267c6a1aa.json</data>
  <iscustomizable>1</iscustomizable>
  <metadata>{}</metadata>
  <mimetype>application/json</mimetype>
  <name>Desktop flow ui elements</name>
  <process>
    <workflowid>143d807c-8747-4b03-8d1c-64fa56d334f7</workflowid>
  </process>
  <reference>controlRepo.appmask</reference>
  <statecode>0</statecode>
  <statuscode>1</statuscode>
  <type>ControlRepository</type>
</desktopflowbinary>