{
  "properties": {
    "connectionReferences": {
      "shared_commondataserviceforapps": {
        "impersonation": {},
        "runtimeSource": "embedded",
        "connection": {
          "connectionReferenceLogicalName": "rc_sharedcommondataserviceforapps_c47a7"
        },
        "api": {
          "name": "shared_commondataserviceforapps"
        }
      },
      "shared_office365": {
        "runtimeSource": "invoker",
        "connection": {
          "connectionReferenceLogicalName": "rc_sharedoffice365_cc200"
        },
        "api": {
          "name": "shared_office365"
        }
      }
    },
    "definition": {
      "$schema": "https://schema.management.azure.com/providers/Microsoft.Logic/schemas/2016-06-01/workflowdefinition.json#",
      "contentVersion": "undefined",
      "parameters": {
        "$authentication": {
          "defaultValue": {},
          "type": "SecureObject"
        },
        "$connections": {
          "defaultValue": {},
          "type": "Object"
        }
      },
      "triggers": {
        "manual": {
          "type": "Request",
          "kind": "Button",
          "inputs": {
            "schema": {
              "type": "object",
              "properties": {
                "file": {
                  "description": "Please select file or image",
                  "title": "File content",
                  "type": "object",
                  "properties": {
                    "contentBytes": {
                      "type": "string",
                      "format": "byte"
                    },
                    "name": {
                      "type": "string"
                    }
                  },
                  "x-ms-content-hint": "FILE",
                  "x-ms-dynamically-added": true
                }
              },
              "required": []
            }
          }
        }
      },
      "actions": {
        "Extract_information_from_documents": {
          "runAfter": {},
          "metadata": {
            "flowSystemMetadata": {
              "portalOperationId": "aibuilderpredict_formsprocessing",
              "portalOperationGroup": "aibuilder",
              "portalOperationApiDisplayNameOverride": "AI Builder",
              "portalOperationIconOverride": "https://content.powerapps.com/resource/makerx/static/pauto/images/designeroperations/aiBuilderNew.51dbdb6b.png",
              "portalOperationBrandColorOverride": "#0A76C4",
              "portalOperationApiTierOverride": "Standard"
            }
          },
          "type": "OpenApiConnection",
          "inputs": {
            "parameters": {
              "recordId": "0b54de13-9fb3-44af-b76c-b6d471040e00",
              "item/requestv2/mimeType": "application/pdf",
              "item/requestv2/base64Encoded": "@triggerBody()?['file']?['contentBytes']"
            },
            "host": {
              "apiId": "/providers/Microsoft.PowerApps/apis/shared_commondataserviceforapps",
              "connectionName": "shared_commondataserviceforapps",
              "operationId": "aibuilderpredict_formsprocessing"
            },
            "authentication": "@parameters('$authentication')"
          }
        },
        "Send_an_email_(V2)": {
          "runAfter": {
            "Extract_information_from_documents": [
              "Succeeded"
            ]
          },
          "type": "OpenApiConnection",
          "inputs": {
            "parameters": {
              "emailMessage/To": "user5@dhakshaprojects.onmicrosoft.com",
              "emailMessage/Subject": "Test",
              "emailMessage/Body": "<p class=\"editor-paragraph\">Test: @{outputs('Extract_information_from_documents')?['body/responsev2/predictionOutput/labels/Builder_82a70e3ba9d202a92dae93af44c115ea/value']}</p>",
              "emailMessage/Importance": "Normal"
            },
            "host": {
              "apiId": "/providers/Microsoft.PowerApps/apis/shared_office365",
              "connectionName": "shared_office365",
              "operationId": "SendEmailV2"
            },
            "authentication": {
              "value": "@json(decodeBase64(triggerOutputs().headers['X-MS-APIM-Tokens']))['$ConnectionKey']",
              "type": "Raw"
            }
          }
        }
      }
    },
    "templateName": null
  },
  "schemaVersion": "1.0.0.0"
}