{
  "properties": {
    "connectionReferences": {
      "shared_rc-5fbuilder-20risk-20service-5f8e1333bae81111df": {
        "runtimeSource": "invoker",
        "connection": {
          "connectionReferenceLogicalName": "rc_sharedrc5fbuilder20risk20service5f8e1333bae81111df_8b660"
        },
        "api": {
          "name": "shared_rc-5fbuilder-20risk-20service-5f8e1333bae81111df",
          "logicalName": "rc_5Fbuilder-20risk-20service"
        }
      }
    },
    "definition": {
      "$schema": "https://schema.management.azure.com/providers/Microsoft.Logic/schemas/2016-06-01/workflowdefinition.json#",
      "contentVersion": "1.0.0.0",
      "parameters": {
        "$connections": {
          "defaultValue": {},
          "type": "Object"
        },
        "$authentication": {
          "defaultValue": {},
          "type": "SecureObject"
        }
      },
      "triggers": {
        "manual": {
          "metadata": {
            "operationMetadataId": "8f17d146-2871-440b-aae7-2235203e07ae"
          },
          "type": "Request",
          "kind": "Button",
          "inputs": {
            "schema": {
              "type": "object",
              "properties": {
                "text": {
                  "title": "builderName",
                  "type": "string",
                  "x-ms-dynamically-added": true,
                  "description": "Please enter your input",
                  "x-ms-content-hint": "TEXT"
                },
                "text_1": {
                  "title": "propertyAddress",
                  "type": "string",
                  "x-ms-dynamically-added": true,
                  "description": "Please enter your input",
                  "x-ms-content-hint": "TEXT"
                },
                "text_2": {
                  "title": "loanAmount",
                  "type": "string",
                  "x-ms-dynamically-added": true,
                  "description": "Please enter your input",
                  "x-ms-content-hint": "TEXT"
                },
                "number": {
                  "title": "creditAvailable",
                  "type": "number",
                  "x-ms-dynamically-added": true,
                  "description": "Please enter a number",
                  "x-ms-content-hint": "NUMBER"
                },
                "number_1": {
                  "title": "drawAmount",
                  "type": "number",
                  "x-ms-dynamically-added": true,
                  "description": "Please enter a number",
                  "x-ms-content-hint": "NUMBER"
                },
                "text_3": {
                  "title": "loanNumber",
                  "type": "string",
                  "x-ms-dynamically-added": true,
                  "description": "Please enter your input",
                  "x-ms-content-hint": "TEXT"
                }
              },
              "required": [
                "text",
                "text_1",
                "text_2",
                "number",
                "number_1",
                "text_3"
              ]
            }
          }
        }
      },
      "actions": {
        "Calculate_Risk_Score": {
          "runAfter": {},
          "metadata": {
            "operationMetadataId": "d2b65e9e-b36f-4201-beb0-2cefce2deac9"
          },
          "type": "OpenApiConnection",
          "inputs": {
            "host": {
              "connectionName": "shared_rc-5fbuilder-20risk-20service-5f8e1333bae81111df",
              "operationId": "CalcRiskScore",
              "apiId": ""
            },
            "parameters": {
              "body/builderName": "@triggerBody()['text']",
              "body/propertyAddress": "@triggerBody()['text_1']",
              "body/loanNumber": "@triggerBody()['text_3']",
              "body/loanAmount": "@triggerBody()['text_2']",
              "body/creditAvailable": "@triggerBody()['number']",
              "body/drawAmount": "@triggerBody()['number_1']"
            },
            "authentication": {
              "type": "Raw",
              "value": "@json(decodeBase64(triggerOutputs().headers['X-MS-APIM-Tokens']))['$ConnectionKey']"
            }
          }
        },
        "Compose": {
          "runAfter": {
            "Calculate_Risk_Score": [
              "Succeeded"
            ]
          },
          "metadata": {
            "operationMetadataId": "64c8897c-a65f-4112-97c1-3aedae843b2d"
          },
          "type": "Compose",
          "inputs": "@body('Calculate_Risk_Score')"
        },
        "Compose_2": {
          "runAfter": {
            "Compose": [
              "Succeeded"
            ]
          },
          "metadata": {
            "operationMetadataId": "db8bfda3-cf67-44fc-aa31-5a6a1846b8a5"
          },
          "type": "Compose",
          "inputs": "@outputs('Compose')"
        }
      }
    },
    "templateName": null
  },
  "schemaVersion": "1.0.0.0"
}