{
  "properties": {
    "connectionReferences": {
      "shared_uiflow-1": {
        "runtimeSource": "invoker",
        "connection": {
          "connectionReferenceLogicalName": "rc_shareduiflow_a87f1"
        },
        "api": {
          "name": "shared_uiflow"
        }
      }
    },
    "definition": {
      "$schema": "https://schema.management.azure.com/providers/Microsoft.Logic/schemas/2016-06-01/workflowdefinition.json#",
      "contentVersion": "undefined",
      "parameters": {
        "$authentication": {
          "defaultValue": {},
          "type": "SecureObject"
        },
        "$connections": {
          "defaultValue": {},
          "type": "Object"
        }
      },
      "triggers": {
        "manual": {
          "type": "Request",
          "kind": "Button",
          "inputs": {
            "schema": {
              "type": "object",
              "properties": {},
              "required": []
            }
          }
        }
      },
      "actions": {
        "Run_a_flow_built_with_Power_Automate_for_desktop": {
          "runAfter": {},
          "type": "OpenApiConnection",
          "inputs": {
            "parameters": {
              "uiFlowId": "143d807c-8747-4b03-8d1c-64fa56d334f7",
              "runMode": "attended",
              "x-ms-flow-trusted-access": true
            },
            "host": {
              "apiId": "/providers/Microsoft.PowerApps/apis/shared_uiflow",
              "connectionName": "shared_uiflow-1",
              "operationId": "RunUIFlow_V2"
            },
            "authentication": {
              "value": "@json(decodeBase64(triggerOutputs().headers['X-MS-APIM-Tokens']))['$ConnectionKey']",
              "type": "Raw"
            }
          }
        }
      }
    },
    "templateName": null
  },
  "schemaVersion": "1.0.0.0"
}