{"swagger":"2.0","info":{"title":"ADatumBuilderRisk","version":"1.0"},"host":"adatumbuilderrisktest.azurewebsites.net","basePath":"/","schemes":["https"],"consumes":[],"produces":[],"paths":{"/GetRiskScore":{"post":{"tags":["GetRiskScore"],"summary":"Calculate Risk Score","description":"Get Risk Score","operationId":"CalcRiskScore","consumes":["application/json","text/json","application/*+json"],"produces":["text/plain","application/json","text/json"],"parameters":[{"in":"body","name":"body","schema":{"$ref":"#/definitions/RiskScoreRequest"}}],"responses":{"200":{"description":"Success","schema":{"$ref":"#/definitions/RiskScoreResponse"}}}}}},"definitions":{"RiskScoreRequest":{"type":"object","properties":{"builderName":{"type":"string"},"propertyAddress":{"type":"string"},"loanNumber":{"type":"string"},"loanDate":{"format":"date-time","type":"string"},"loanAmount":{"format":"double","type":"number"},"creditAvailable":{"format":"double","type":"number"},"drawAmount":{"format":"double","type":"number"}}},"RiskScoreResponse":{"type":"object","properties":{"score":{"format":"int32","type":"integer"},"reason":{"type":"string"}}}},"parameters":{},"responses":{},"securityDefinitions":{"apiKey":{"type":"apiKey","name":"X-API-KEY","in":"header"}},"security":[],"tags":[]}