<desktopflowbinary desktopflowbinaryid="ef18e741-0a81-430c-a13f-e2c36ce34afa">
  <data mimetype="image/png">ControlRepositoryImageFile_ef18e741-0a81-430c-a13f-e2c36ce34afa.png</data>
  <iscustomizable>1</iscustomizable>
  <metadata>{}</metadata>
  <mimetype>image/png</mimetype>
  <name>Desktop flow ui element screenshot</name>
  <process>
    <workflowid>c3f9a4db-c6c1-455c-a574-37b99411900d</workflowid>
  </process>
  <reference>controlRepo-screenshots\79da6e9d-5ae5-4ba4-a9bc-fbb24a7f1c39.png</reference>
  <statecode>0</statecode>
  <statuscode>1</statuscode>
  <type>ControlRepositoryImageFile</type>
</desktopflowbinary>