<desktopflowbinary desktopflowbinaryid="038fbbad-5aef-ef11-be20-6045bdaf0281">
  <data mimetype="application/json">ManifestFile_038fbbad-5aef-ef11-be20-6045bdaf0281.json</data>
  <iscustomizable>1</iscustomizable>
  <name>Desktop flow manifest file</name>
  <process>
    <workflowid>d58ebbad-5aef-ef11-be20-6045bdaf0281</workflowid>
  </process>
  <reference>flow.manifest</reference>
  <statecode>0</statecode>
  <statuscode>1</statuscode>
  <type>ManifestFile</type>
</desktopflowbinary>