<desktopflowbinary desktopflowbinaryid="ef8ebbad-5aef-ef11-be20-6045bdaf0281">
  <data mimetype="application/json">ImageRepository_2dd8a4a7-7f92-42c2-b221-040f80c3313b.json</data>
  <iscustomizable>1</iscustomizable>
  <name>Desktop flow images</name>
  <process>
    <workflowid>d58ebbad-5aef-ef11-be20-6045bdaf0281</workflowid>
  </process>
  <reference>imageRepo.imgrepo</reference>
  <statecode>0</statecode>
  <statuscode>1</statuscode>
  <type>ImageRepository</type>
</desktopflowbinary>