<desktopflowbinary desktopflowbinaryid="9256bfa1-5641-4b12-957a-b73f7b4d5351">
  <data mimetype="image/png">ControlRepositoryImageFile_9256bfa1-5641-4b12-957a-b73f7b4d5351.png</data>
  <iscustomizable>1</iscustomizable>
  <metadata>{}</metadata>
  <mimetype>image/png</mimetype>
  <name>Desktop flow ui element screenshot</name>
  <process>
    <workflowid>c3f9a4db-c6c1-455c-a574-37b99411900d</workflowid>
  </process>
  <reference>controlRepo-screenshots\644f857d-f252-4e85-b0df-302fd9b07fef.png</reference>
  <statecode>0</statecode>
  <statuscode>1</statuscode>
  <type>ControlRepositoryImageFile</type>
</desktopflowbinary>