<desktopflowbinary desktopflowbinaryid="a86f6b02-9fde-4037-8327-6afc93eecc39">
  <data mimetype="image/png">ControlRepositoryImageFile_a86f6b02-9fde-4037-8327-6afc93eecc39.png</data>
  <iscustomizable>1</iscustomizable>
  <metadata>{}</metadata>
  <mimetype>image/png</mimetype>
  <name>Desktop flow ui element screenshot</name>
  <process>
    <workflowid>c3f9a4db-c6c1-455c-a574-37b99411900d</workflowid>
  </process>
  <reference>controlRepo-screenshots\266ba6ab-1302-469d-924e-1efff83322e8.png</reference>
  <statecode>0</statecode>
  <statuscode>1</statuscode>
  <type>ControlRepositoryImageFile</type>
</desktopflowbinary>