<desktopflowbinary desktopflowbinaryid="53f60d8b-382d-4847-9612-955b5b8d1d7c">
  <data mimetype="image/png">ControlRepositoryImageFile_53f60d8b-382d-4847-9612-955b5b8d1d7c.png</data>
  <iscustomizable>1</iscustomizable>
  <metadata>{}</metadata>
  <mimetype>image/png</mimetype>
  <name>Desktop flow ui element screenshot</name>
  <process>
    <workflowid>c3f9a4db-c6c1-455c-a574-37b99411900d</workflowid>
  </process>
  <reference>controlRepo-screenshots\aed9e310-32d1-4805-9147-630f3d3cdab0.png</reference>
  <statecode>0</statecode>
  <statuscode>1</statuscode>
  <type>ControlRepositoryImageFile</type>
</desktopflowbinary>