<desktopflowbinary desktopflowbinaryid="a5b9a6de-b478-40e6-a096-aa0e854a63a3">
  <data mimetype="image/png">ControlRepositoryImageFile_a5b9a6de-b478-40e6-a096-aa0e854a63a3.png</data>
  <iscustomizable>1</iscustomizable>
  <metadata>{}</metadata>
  <mimetype>image/png</mimetype>
  <name>Desktop flow ui element screenshot</name>
  <process>
    <workflowid>c3f9a4db-c6c1-455c-a574-37b99411900d</workflowid>
  </process>
  <reference>controlRepo-screenshots\074206f8-fefd-4947-851b-856b3ea39b5e.png</reference>
  <statecode>0</statecode>
  <statuscode>1</statuscode>
  <type>ControlRepositoryImageFile</type>
</desktopflowbinary>