<desktopflowbinary desktopflowbinaryid="6881d6bb-239e-43a1-832b-b6d81b4b90ed">
  <data mimetype="application/json">ManifestFile_6881d6bb-239e-43a1-832b-b6d81b4b90ed.json</data>
  <iscustomizable>1</iscustomizable>
  <metadata>{}</metadata>
  <mimetype>application/json</mimetype>
  <name>Desktop flow manifest file</name>
  <process>
    <workflowid>143d807c-8747-4b03-8d1c-64fa56d334f7</workflowid>
  </process>
  <reference>flow.manifest</reference>
  <statecode>0</statecode>
  <statuscode>1</statuscode>
  <type>ManifestFile</type>
</desktopflowbinary>