<desktopflowbinary desktopflowbinaryid="dd8ebbad-5aef-ef11-be20-6045bdaf0281">
  <data mimetype="application/octet-stream">ControlRepositoryImageFile_6f7b3dde-3f57-4cc9-acb4-2b9646a44ddd.png</data>
  <iscustomizable>1</iscustomizable>
  <name>Desktop flow ui element screenshot</name>
  <process>
    <workflowid>d58ebbad-5aef-ef11-be20-6045bdaf0281</workflowid>
  </process>
  <reference>controlRepo-screenshots\d463bed6-143e-4c78-bd7c-6dd4c3fce8f3.png</reference>
  <statecode>0</statecode>
  <statuscode>1</statuscode>
  <type>ControlRepositoryImageFile</type>
</desktopflowbinary>