<desktopflowbinary desktopflowbinaryid="db8ebbad-5aef-ef11-be20-6045bdaf0281">
  <data mimetype="application/json">DependenciesFile_74eb22ef-6882-4c47-ab2b-88ceebabb4d8.json</data>
  <iscustomizable>1</iscustomizable>
  <name>Desktop flow dependencies file</name>
  <process>
    <workflowid>d58ebbad-5aef-ef11-be20-6045bdaf0281</workflowid>
  </process>
  <reference>flow.dependencies</reference>
  <statecode>0</statecode>
  <statuscode>1</statuscode>
  <type>DependenciesFile</type>
</desktopflowbinary>