<desktopflowbinary desktopflowbinaryid="82eff952-715a-4f62-91bd-802255c25aa7">
  <data mimetype="image/png">ControlRepositoryImageFile_82eff952-715a-4f62-91bd-802255c25aa7.png</data>
  <iscustomizable>1</iscustomizable>
  <metadata>{}</metadata>
  <mimetype>image/png</mimetype>
  <name>Desktop flow ui element screenshot</name>
  <process>
    <workflowid>c3f9a4db-c6c1-455c-a574-37b99411900d</workflowid>
  </process>
  <reference>controlRepo-screenshots\eb9787b2-3a83-45ac-8e72-5e28421a9402.png</reference>
  <statecode>0</statecode>
  <statuscode>1</statuscode>
  <type>ControlRepositoryImageFile</type>
</desktopflowbinary>