<desktopflowbinary desktopflowbinaryid="403d56da-bc8e-4bdc-b448-f9385e00f446">
  <data mimetype="application/json">DependenciesFile_f1fed8d5-9ef9-451a-a104-819be3874e32.json</data>
  <iscustomizable>1</iscustomizable>
  <metadata>{}</metadata>
  <mimetype>application/json</mimetype>
  <name>Desktop flow dependencies file</name>
  <process>
    <workflowid>143d807c-8747-4b03-8d1c-64fa56d334f7</workflowid>
  </process>
  <reference>flow.dependencies</reference>
  <statecode>0</statecode>
  <statuscode>1</statuscode>
  <type>DependenciesFile</type>
</desktopflowbinary>