<desktopflowbinary desktopflowbinaryid="d98ebbad-5aef-ef11-be20-6045bdaf0281">
  <data mimetype="application/json">ControlRepository_4b050f0c-1f7e-4fb5-80e9-0f47bf1caa5b.json</data>
  <iscustomizable>1</iscustomizable>
  <name>Desktop flow ui elements</name>
  <process>
    <workflowid>d58ebbad-5aef-ef11-be20-6045bdaf0281</workflowid>
  </process>
  <reference>controlRepo.appmask</reference>
  <statecode>0</statecode>
  <statuscode>1</statuscode>
  <type>ControlRepository</type>
</desktopflowbinary>