<desktopflowbinary desktopflowbinaryid="30769293-3333-4a07-8862-235412d4a461">
  <data mimetype="application/json">DependenciesFile_bef89561-2e8c-4a1f-b9f0-94caec10c143.json</data>
  <iscustomizable>1</iscustomizable>
  <metadata>{}</metadata>
  <mimetype>application/json</mimetype>
  <name>Desktop flow dependencies file</name>
  <process>
    <workflowid>c3f9a4db-c6c1-455c-a574-37b99411900d</workflowid>
  </process>
  <reference>flow.dependencies</reference>
  <statecode>0</statecode>
  <statuscode>1</statuscode>
  <type>DependenciesFile</type>
</desktopflowbinary>