<desktopflowbinary desktopflowbinaryid="6f7b3dde-3f57-4cc9-acb4-2b9646a44ddd">
  <data mimetype="image/png">ControlRepositoryImageFile_6f7b3dde-3f57-4cc9-acb4-2b9646a44ddd.png</data>
  <iscustomizable>1</iscustomizable>
  <metadata>{}</metadata>
  <mimetype>image/png</mimetype>
  <name>Desktop flow ui element screenshot</name>
  <process>
    <workflowid>c3f9a4db-c6c1-455c-a574-37b99411900d</workflowid>
  </process>
  <reference>controlRepo-screenshots\d463bed6-143e-4c78-bd7c-6dd4c3fce8f3.png</reference>
  <statecode>0</statecode>
  <statuscode>1</statuscode>
  <type>ControlRepositoryImageFile</type>
</desktopflowbinary>