<desktopflowbinary desktopflowbinaryid="eb8ebbad-5aef-ef11-be20-6045bdaf0281">
  <data mimetype="application/octet-stream">ControlRepositoryImageFile_53f60d8b-382d-4847-9612-955b5b8d1d7c.png</data>
  <iscustomizable>1</iscustomizable>
  <name>Desktop flow ui element screenshot</name>
  <process>
    <workflowid>d58ebbad-5aef-ef11-be20-6045bdaf0281</workflowid>
  </process>
  <reference>controlRepo-screenshots\aed9e310-32d1-4805-9147-630f3d3cdab0.png</reference>
  <statecode>0</statecode>
  <statuscode>1</statuscode>
  <type>ControlRepositoryImageFile</type>
</desktopflowbinary>