<desktopflowbinary desktopflowbinaryid="a39bfcfd-def5-4380-bebf-df510c776eb2">
  <data mimetype="image/png">ControlRepositoryImageFile_a39bfcfd-def5-4380-bebf-df510c776eb2.png</data>
  <iscustomizable>1</iscustomizable>
  <metadata>{}</metadata>
  <mimetype>image/png</mimetype>
  <name>Desktop flow ui element screenshot</name>
  <process>
    <workflowid>c3f9a4db-c6c1-455c-a574-37b99411900d</workflowid>
  </process>
  <reference>controlRepo-screenshots\1625729a-65ed-4da5-9678-76844f38b053.png</reference>
  <statecode>0</statecode>
  <statuscode>1</statuscode>
  <type>ControlRepositoryImageFile</type>
</desktopflowbinary>