{
  "properties": {
    "connectionReferences": {
      "shared_commondataserviceforapps": {
        "runtimeSource": "embedded",
        "connection": {
          "connectionReferenceLogicalName": "rc_Dataverse"
        },
        "api": {
          "name": "shared_commondataserviceforapps"
        }
      }
    },
    "definition": {
      "$schema": "https://schema.management.azure.com/providers/Microsoft.Logic/schemas/2016-06-01/workflowdefinition.json#",
      "contentVersion": "1.0.0.0",
      "parameters": {
        "$connections": {
          "defaultValue": {},
          "type": "Object"
        },
        "$authentication": {
          "defaultValue": {},
          "type": "SecureObject"
        }
      },
      "triggers": {
        "manual": {
          "metadata": {
            "operationMetadataId": "deb17289-6f3b-4717-9242-678942a16a11"
          },
          "type": "Request",
          "kind": "Button",
          "inputs": {
            "schema": {
              "type": "object",
              "properties": {},
              "required": []
            }
          }
        }
      },
      "actions": {
        "Parse_JSON": {
          "runAfter": {},
          "metadata": {
            "operationMetadataId": "a57f4c4a-ecb7-4716-a123-d8991fb5dc33"
          },
          "type": "ParseJson",
          "inputs": {
            "content": [
              {
                "LoanNumber": "JG7165",
                "Name": "Jim Glynn",
                "LoanAmount": 645000,
                "CreditAvailable": 500000,
                "Address": "7165 Brock Lane Renton, WA 61795 U.S.",
                "Builder": "Contoso"
              },
              {
                "LoanNumber": "MC3747",
                "Name": "Maria Campbell",
                "LoanAmount": 750000,
                "CreditAvailable": 750000,
                "Address": "3747 Likins Avenue Monroe, WA 37925 U.S.",
                "Builder": "Contoso"
              },
              {
                "LoanNumber": "NA5086",
                "Name": "Nancy Anderson",
                "LoanAmount": 1258000,
                "CreditAvailable": 1258000,
                "Address": "5086 Nottingham Place Duvall, WA 16982 U.S.",
                "Builder": "Contoso"
              },
              {
                "LoanNumber": "PS7765",
                "Name": "Patrick Sands",
                "LoanAmount": 1487500,
                "CreditAvailable": 1487500,
                "Address": "7765 Sunsine Drive Seattle, WA 11910 U.S.",
                "Builder": "Contoso"
              }
            ],
            "schema": {
              "type": "array",
              "items": {
                "type": "object",
                "properties": {
                  "LoanNumber": {
                    "type": "string"
                  },
                  "Name": {
                    "type": "string"
                  },
                  "LoanAmount": {
                    "type": "integer"
                  },
                  "CreditAvailable": {
                    "type": "integer"
                  },
                  "Address": {
                    "type": "string"
                  },
                  "Builder": {
                    "type": "string"
                  }
                },
                "required": [
                  "LoanNumber",
                  "Name",
                  "LoanAmount",
                  "CreditAvailable",
                  "Address",
                  "Builder"
                ]
              }
            }
          }
        },
        "Apply_to_each": {
          "foreach": "@body('Parse_JSON')",
          "actions": {
            "Create_sample_loans": {
              "runAfter": {},
              "metadata": {
                "operationMetadataId": "a493a0b1-db38-41bd-87ac-6d6b8a8dd93d"
              },
              "type": "OpenApiConnection",
              "inputs": {
                "host": {
                  "connectionName": "shared_commondataserviceforapps",
                  "operationId": "CreateRecord",
                  "apiId": "/providers/Microsoft.PowerApps/apis/shared_commondataserviceforapps"
                },
                "parameters": {
                  "entityName": "rc_loans",
                  "item/rc_name": "@items('Apply_to_each')['Name']",
                  "item/rc_address": "@items('Apply_to_each')['Address']",
                  "item/rc_builder": "@items('Apply_to_each')['Builder']",
                  "item/rc_creditavailable": "@items('Apply_to_each')['CreditAvailable']",
                  "item/rc_loanamount": "@items('Apply_to_each')['LoanAmount']",
                  "item/rc_loandate": "@addDays(utcNow(), mul(rand(1,180),-1))",
                  "item/rc_loannumber": "@items('Apply_to_each')['LoanNumber']",
                  "item/statuscode": 1
                },
                "authentication": {
                  "type": "Raw",
                  "value": "@json(decodeBase64(triggerOutputs().headers['X-MS-APIM-Tokens']))['$ConnectionKey']"
                }
              }
            }
          },
          "runAfter": {
            "Parse_JSON": [
              "Succeeded"
            ]
          },
          "metadata": {
            "operationMetadataId": "7afcdeb0-04d0-4c29-93d4-d6f4086e9f87"
          },
          "type": "Foreach"
        }
      }
    },
    "templateName": ""
  },
  "schemaVersion": "1.0.0.0"
}