<desktopflowbinary desktopflowbinaryid="c5fbbacb-bf5a-4614-a95b-6aed1da02bbc">
  <data mimetype="application/json">DependenciesFile_b1231cff-b611-4371-9731-a9253f822e9d.json</data>
  <iscustomizable>1</iscustomizable>
  <metadata>{}</metadata>
  <mimetype>application/json</mimetype>
  <name>Desktop flow dependencies file</name>
  <process>
    <workflowid>8a464062-7604-4345-b8a1-070f96e0c800</workflowid>
  </process>
  <reference>flow.dependencies</reference>
  <statecode>0</statecode>
  <statuscode>1</statuscode>
  <type>DependenciesFile</type>
</desktopflowbinary>