<desktopflowbinary desktopflowbinaryid="37536836-51d5-418f-8c83-392829b86c9b">
  <data mimetype="image/png">ControlRepositoryImageFile_37536836-51d5-418f-8c83-392829b86c9b.png</data>
  <iscustomizable>1</iscustomizable>
  <metadata>{}</metadata>
  <mimetype>image/png</mimetype>
  <name>Desktop flow ui element screenshot</name>
  <process>
    <workflowid>c3f9a4db-c6c1-455c-a574-37b99411900d</workflowid>
  </process>
  <reference>controlRepo-screenshots\bf07b53f-23cb-40c6-9a2e-4f25cf28328d.png</reference>
  <statecode>0</statecode>
  <statuscode>1</statuscode>
  <type>ControlRepositoryImageFile</type>
</desktopflowbinary>