<desktopflowbinary desktopflowbinaryid="2efcfb35-2ca2-41a1-a4a2-774e03a38a4d">
  <data mimetype="application/json">ImageRepository_0981a8f0-d0c1-4c19-8a8a-3ec1499d93c1.json</data>
  <iscustomizable>1</iscustomizable>
  <metadata>{}</metadata>
  <mimetype>application/json</mimetype>
  <name>Desktop flow images</name>
  <process>
    <workflowid>786f019f-c6fd-4714-9529-6f79c340d117</workflowid>
  </process>
  <reference>imageRepo.imgrepo</reference>
  <statecode>0</statecode>
  <statuscode>1</statuscode>
  <type>ImageRepository</type>
</desktopflowbinary>