<desktopflowbinary desktopflowbinaryid="f58ebbad-5aef-ef11-be20-6045bdaf0281">
  <data mimetype="application/octet-stream">ControlRepositoryImageFile_b86d8b03-50f2-470e-a30a-ab0f39fb44c2.png</data>
  <iscustomizable>1</iscustomizable>
  <name>Desktop flow ui element screenshot</name>
  <process>
    <workflowid>d58ebbad-5aef-ef11-be20-6045bdaf0281</workflowid>
  </process>
  <reference>controlRepo-screenshots\36623f71-6343-4060-9b75-bea84558b2a9.png</reference>
  <statecode>0</statecode>
  <statuscode>1</statuscode>
  <type>ControlRepositoryImageFile</type>
</desktopflowbinary>