<desktopflowbinary desktopflowbinaryid="beb6a2ea-6738-4cad-89ad-dbbb056d65a3">
  <data mimetype="image/png">ControlRepositoryImageFile_beb6a2ea-6738-4cad-89ad-dbbb056d65a3.png</data>
  <iscustomizable>1</iscustomizable>
  <metadata>{}</metadata>
  <mimetype>image/png</mimetype>
  <name>Desktop flow ui element screenshot</name>
  <process>
    <workflowid>c3f9a4db-c6c1-455c-a574-37b99411900d</workflowid>
  </process>
  <reference>controlRepo-screenshots\474934d4-7d95-409e-b2b6-04502ef80b15.png</reference>
  <statecode>0</statecode>
  <statuscode>1</statuscode>
  <type>ControlRepositoryImageFile</type>
</desktopflowbinary>