<desktopflowbinary desktopflowbinaryid="9edb2a71-ffbf-4555-b321-cb36c0ed777e">
  <data mimetype="application/json">ControlRepository_8fad4b6c-cd9c-430b-81fe-1c937c2c3633.json</data>
  <iscustomizable>1</iscustomizable>
  <metadata>{}</metadata>
  <mimetype>application/json</mimetype>
  <name>Desktop flow ui elements</name>
  <process>
    <workflowid>786f019f-c6fd-4714-9529-6f79c340d117</workflowid>
  </process>
  <reference>controlRepo.appmask</reference>
  <statecode>0</statecode>
  <statuscode>1</statuscode>
  <type>ControlRepository</type>
</desktopflowbinary>