<desktopflowbinary desktopflowbinaryid="2719bb1c-f630-4f6c-a0e6-cba94383015f">
  <data mimetype="application/json">ImageRepository_6dc8d6f6-4cdc-4b56-a80b-d031dda5b3c9.json</data>
  <iscustomizable>1</iscustomizable>
  <metadata>{}</metadata>
  <mimetype>application/json</mimetype>
  <name>Desktop flow images</name>
  <process>
    <workflowid>143d807c-8747-4b03-8d1c-64fa56d334f7</workflowid>
  </process>
  <reference>imageRepo.imgrepo</reference>
  <statecode>0</statecode>
  <statuscode>1</statuscode>
  <type>ImageRepository</type>
</desktopflowbinary>