<desktopflowbinary desktopflowbinaryid="37999b7f-2777-4ee4-9f02-2f43cd83e494">
  <data mimetype="image/png">ControlRepositoryImageFile_37999b7f-2777-4ee4-9f02-2f43cd83e494.png</data>
  <iscustomizable>1</iscustomizable>
  <metadata>{}</metadata>
  <mimetype>image/png</mimetype>
  <name>Desktop flow ui element screenshot</name>
  <process>
    <workflowid>c3f9a4db-c6c1-455c-a574-37b99411900d</workflowid>
  </process>
  <reference>controlRepo-screenshots\0d9db9f8-f497-4577-96a2-34fec020eae1.png</reference>
  <statecode>0</statecode>
  <statuscode>1</statuscode>
  <type>ControlRepositoryImageFile</type>
</desktopflowbinary>