<desktopflowbinary desktopflowbinaryid="e38992f8-373d-4e23-b081-6ebf5dd24b30">
  <data mimetype="image/png">ControlRepositoryImageFile_e38992f8-373d-4e23-b081-6ebf5dd24b30.png</data>
  <iscustomizable>1</iscustomizable>
  <metadata>{}</metadata>
  <mimetype>image/png</mimetype>
  <name>Desktop flow ui element screenshot</name>
  <process>
    <workflowid>c3f9a4db-c6c1-455c-a574-37b99411900d</workflowid>
  </process>
  <reference>controlRepo-screenshots\c8709b02-59f0-4c45-bff1-e0ab809d3317.png</reference>
  <statecode>0</statecode>
  <statuscode>1</statuscode>
  <type>ControlRepositoryImageFile</type>
</desktopflowbinary>