<desktopflowbinary desktopflowbinaryid="6268c904-0292-404d-859f-ed152d28d7a7">
  <data mimetype="image/png">ControlRepositoryImageFile_6268c904-0292-404d-859f-ed152d28d7a7.png</data>
  <iscustomizable>1</iscustomizable>
  <metadata>{}</metadata>
  <mimetype>image/png</mimetype>
  <name>Desktop flow ui element screenshot</name>
  <process>
    <workflowid>c3f9a4db-c6c1-455c-a574-37b99411900d</workflowid>
  </process>
  <reference>controlRepo-screenshots\e142ab50-a369-41a4-bb9f-1ed64261e113.png</reference>
  <statecode>0</statecode>
  <statuscode>1</statuscode>
  <type>ControlRepositoryImageFile</type>
</desktopflowbinary>