<desktopflowbinary desktopflowbinaryid="1a111832-b25d-4a4a-93d6-a74b777858ec">
  <data mimetype="image/png">ControlRepositoryImageFile_1a111832-b25d-4a4a-93d6-a74b777858ec.png</data>
  <iscustomizable>1</iscustomizable>
  <metadata>{}</metadata>
  <mimetype>image/png</mimetype>
  <name>Desktop flow ui element screenshot</name>
  <process>
    <workflowid>c3f9a4db-c6c1-455c-a574-37b99411900d</workflowid>
  </process>
  <reference>controlRepo-screenshots\9670a2f5-97ea-436a-9609-8867fa13c1f8.png</reference>
  <statecode>0</statecode>
  <statuscode>1</statuscode>
  <type>ControlRepositoryImageFile</type>
</desktopflowbinary>