<desktopflowbinary desktopflowbinaryid="b86d8b03-50f2-470e-a30a-ab0f39fb44c2">
  <data mimetype="image/png">ControlRepositoryImageFile_b86d8b03-50f2-470e-a30a-ab0f39fb44c2.png</data>
  <iscustomizable>1</iscustomizable>
  <metadata>{}</metadata>
  <mimetype>image/png</mimetype>
  <name>Desktop flow ui element screenshot</name>
  <process>
    <workflowid>c3f9a4db-c6c1-455c-a574-37b99411900d</workflowid>
  </process>
  <reference>controlRepo-screenshots\36623f71-6343-4060-9b75-bea84558b2a9.png</reference>
  <statecode>0</statecode>
  <statuscode>1</statuscode>
  <type>ControlRepositoryImageFile</type>
</desktopflowbinary>