<desktopflowbinary desktopflowbinaryid="2027447a-e2a8-433e-8c09-36f2b048407c">
  <data mimetype="image/png">ControlRepositoryImageFile_2027447a-e2a8-433e-8c09-36f2b048407c.png</data>
  <iscustomizable>1</iscustomizable>
  <metadata>{}</metadata>
  <mimetype>image/png</mimetype>
  <name>Desktop flow ui element screenshot</name>
  <process>
    <workflowid>d58ebbad-5aef-ef11-be20-6045bdaf0281</workflowid>
  </process>
  <reference>controlRepo-screenshots\7bf75858-9a8f-4cb4-bc03-1554e4de488d.png</reference>
  <statecode>0</statecode>
  <statuscode>1</statuscode>
  <type>ControlRepositoryImageFile</type>
</desktopflowbinary>