<desktopflowbinary desktopflowbinaryid="18181984-0e7c-4a4e-b0a9-cf53bb8aeca2">
  <data mimetype="image/png">ControlRepositoryImageFile_18181984-0e7c-4a4e-b0a9-cf53bb8aeca2.png</data>
  <iscustomizable>1</iscustomizable>
  <metadata>{}</metadata>
  <mimetype>image/png</mimetype>
  <name>Desktop flow ui element screenshot</name>
  <process>
    <workflowid>c3f9a4db-c6c1-455c-a574-37b99411900d</workflowid>
  </process>
  <reference>controlRepo-screenshots\5a339731-5403-4769-a54f-21cf31c9bccb.png</reference>
  <statecode>0</statecode>
  <statuscode>1</statuscode>
  <type>ControlRepositoryImageFile</type>
</desktopflowbinary>