<desktopflowbinary desktopflowbinaryid="b56a1833-e744-4ae5-8a95-3841153ac368">
  <data mimetype="image/png">ControlRepositoryImageFile_b56a1833-e744-4ae5-8a95-3841153ac368.png</data>
  <iscustomizable>1</iscustomizable>
  <metadata>{}</metadata>
  <mimetype>image/png</mimetype>
  <name>Desktop flow ui element screenshot</name>
  <process>
    <workflowid>c3f9a4db-c6c1-455c-a574-37b99411900d</workflowid>
  </process>
  <reference>controlRepo-screenshots\0a6d6a35-b342-4d86-9eb9-b2ebff979684.png</reference>
  <statecode>0</statecode>
  <statuscode>1</statuscode>
  <type>ControlRepositoryImageFile</type>
</desktopflowbinary>