<desktopflowbinary desktopflowbinaryid="757b43ae-135b-4b11-b4f2-10f72c685bfb">
  <data mimetype="application/json">ControlRepository_0a194bf3-76dc-4c91-8770-d4366bee272b.json</data>
  <iscustomizable>1</iscustomizable>
  <metadata>{}</metadata>
  <mimetype>application/json</mimetype>
  <name>Desktop flow ui elements</name>
  <process>
    <workflowid>c3f9a4db-c6c1-455c-a574-37b99411900d</workflowid>
  </process>
  <reference>controlRepo.appmask</reference>
  <statecode>0</statecode>
  <statuscode>1</statuscode>
  <type>ControlRepository</type>
</desktopflowbinary>