<desktopflowbinary desktopflowbinaryid="e38ebbad-5aef-ef11-be20-6045bdaf0281">
  <data mimetype="application/octet-stream">ControlRepositoryImageFile_37536836-51d5-418f-8c83-392829b86c9b.png</data>
  <iscustomizable>1</iscustomizable>
  <name>Desktop flow ui element screenshot</name>
  <process>
    <workflowid>d58ebbad-5aef-ef11-be20-6045bdaf0281</workflowid>
  </process>
  <reference>controlRepo-screenshots\bf07b53f-23cb-40c6-9a2e-4f25cf28328d.png</reference>
  <statecode>0</statecode>
  <statuscode>1</statuscode>
  <type>ControlRepositoryImageFile</type>
</desktopflowbinary>