<desktopflowbinary desktopflowbinaryid="a93b1822-db16-4f5d-9198-9902b3980b62">
  <data mimetype="application/json">ImageRepository_bfde7f3a-2667-47e3-8f03-d1135b2efb21.json</data>
  <iscustomizable>1</iscustomizable>
  <metadata>{}</metadata>
  <mimetype>application/json</mimetype>
  <name>Desktop flow images</name>
  <process>
    <workflowid>8a464062-7604-4345-b8a1-070f96e0c800</workflowid>
  </process>
  <reference>imageRepo.imgrepo</reference>
  <statecode>0</statecode>
  <statuscode>1</statuscode>
  <type>ImageRepository</type>
</desktopflowbinary>