<desktopflowbinary desktopflowbinaryid="f18ebbad-5aef-ef11-be20-6045bdaf0281">
  <data mimetype="application/octet-stream">ControlRepositoryImageFile_1a111832-b25d-4a4a-93d6-a74b777858ec.png</data>
  <iscustomizable>1</iscustomizable>
  <name>Desktop flow ui element screenshot</name>
  <process>
    <workflowid>d58ebbad-5aef-ef11-be20-6045bdaf0281</workflowid>
  </process>
  <reference>controlRepo-screenshots\9670a2f5-97ea-436a-9609-8867fa13c1f8.png</reference>
  <statecode>0</statecode>
  <statuscode>1</statuscode>
  <type>ControlRepositoryImageFile</type>
</desktopflowbinary>